BOTTLE,20170219PRINUNIVRMK,,,,,,,,,,,,,,,,,,,,,,,,,,,,,,,,,,,,,,
# 06/23/2016 Initialized README file   ,,,,,,,,,,,,,,,,,,,,,,,,,,,,,,,,,,,,,,,
# Data source:NOAA/PMEL  ,,,,,,,,,,,,,,,,,,,,,,,,,,,,,,,,,,,,,,,
# SHIPS: R/V Point Sur ,,,,,,,,,,,,,,,,,,,,,,,,,,,,,,,,,,,,,,,
# Cruise: WCOA2013 Leg 2 (Leg 1 was R/V Fairweather cruise 317W20130803) ,,,,,,,,,,,,,,,,,,,,,,,,,,,,,,,,,,,,,,,
# Region: US West Coast, Pacific Ocean  ,,,,,,,,,,,,,,,,,,,,,,,,,,,,,,,,,,,,,,
# EXPOCODE: 32PO20130829  ,,,,,,,,,https://www.nodc.noaa.gov/archive/arc0080/0132082/3.3/data/0-data/,,,,,,,,,,,,,,,,,,,,,,,,,,,,,,
# DATES: 20130821 - 20130829 ,,,,,,,,,,,,,,,,,,,,,,,,,,,,,,,,,,,,,,,
# Chief Scientist: Richard Feely. Lauren W. Juranek ,,,,,,,,,,,,,,,,,,,,,,,,,,,,,,,,,,,,,,,
# 33 stations with 24 place Rosette  ,,,,,,,,,,,,,,,,,,,,,,,,,,,,,,,,,,,,,,,
# Hydro: Who - G. Johnson; Status - final  ,,,,,,,,,,,,,,,,,,,,,,,,,,,,,,,,,,,,,,,
"# 	Notes: 	 ",,,,,,,,,,,,,,,,,,,,,,,,,,,,,,,,,,,,,,,
# Nutrients: Who - B. Hales; Status - final  ,,,,,,,,,,,,,,,,,,,,,,,,,,,,,,,,,,,,,,,
"# 	Notes:  includes ammonium ",,,,,,,,,,,,,,,,,,,,,,,,,,,,,,,,,,,,,,,
# O2: Who - B. Hales; Status -final  ,,,,,,,,,,,,,,,,,,,,,,,,,,,,,,,,,,,,,,,
"# 	Notes:  ",,,,,,,,,,,,,,,,,,,,,,,,,,,,,,,,,,,,,,,
# TCO2: Who - R.Feely; Status - final  ,,,,,,,,,,,,,,,,,,,,,,,,,,,,,,,,,,,,,,,
"# 	Notes:  ",,,,,,,,,,,,,,,,,,,,,,,,,,,,,,,,,,,,,,,
# TA: Who - S. Alin; Status - final  ,,,,,,,,,,,,,,,,,,,,,,,,,,,,,,,,,,,,,,,
"# 	Notes: ",,,,,,,,,,,,,,,,,,,,,,,,,,,,,,,,,,,,,,,
# pH: Who -R. Byrne; Status - final ,,,,,,,,,,,,,,,,,,,,,,,,,,,,,,,,,,,,,,,
"# 	Notes: total scale at 25C ",,,,,,,,,,,,,,,,,,,,,,,,,,,,,,,,,,,,,,,
# CO3-2: Who -R. Byrne; Status - final ,,,,,,,,,,,,,,,,,,,,,,,,,,,,,,,,,,,,,,,
"# 	Notes: Values measured ",,,,,,,,,,,,,,,,,,,,,,,,,,,,,,,,,,,,,,,
# Other: Chlorophyll- W. Peterson;  ,,,,,,,,,,,,,,,,,,,,,,,,,,,,,,,,,,,,,,,
# References:  ,,,,,,,,,,,,,,,,,,,,,,,,,,,,,,,,,,,,,,,
EXPOCODE,SECT_ID,STNNBR,CASTNO,BTLNBR,BTLNBR_FLAG_W,DATE,TIME,LATITUDE,LONGITUDE,DEPTH,CTDPRS,CTDTMP,CTDSAL,CTDSAL_FLAG_W,SALNTY,SALNTY_FLAG_W,CTDOXY,CTDOXY_FLAG_W,OXYGEN,OXYGEN_FLAG_W,SILCAT,SILCAT_FLAG_W,NITRAT,NITRAT_FLAG_W,NITRIT,NITRIT_FLAG_W,PHSPHT,PHSPHT_FLAG_W,NH4,NH4_FLAG_W,TCARBN,TCARBN_FLAG_W,ALKALI,ALKALI_FLAG_W,PH_TOT,PH_TOT_FLAG_W,PH_TMP,CO32,CO32_FLAG_W
,,,,,,,,,,METERS,DBAR,ITS-90,PSS-78,,PSS-78,,UMOL/KG,,UMOL/KG,,UMOL/KG,,UMOL/KG,,UMOL/KG,,UMOL/KG,,UMOL/KG,,UMOL/KG,,UMOL/KG,,,,DEG C,UMOL/KG,
  32PO20130829,WCOA13,96,2,1,2,90820,1730,44.65,-124.13,46,36.5,7.564,33.812,2,-999,9,68,2,-999,9,-999,9,-999,9,-999,9,-999,9,-999,9,-999,9,-999,9,-999,9,-999,-999,9
  32PO20130829,WCOA13,96,2,2,2,90820,1730,44.65,-124.13,46,36.5,7.564,33.812,2,-999,9,68,2,-999,9,-999,9,-999,9,-999,9,-999,9,-999,9,-999,9,-999,9,-999,9,-999,-999,9
  32PO20130829,WCOA13,96,2,3,2,90820,1730,44.65,-124.13,46,36.4,7.564,33.812,2,-999,9,68,2,-999,9,-999,9,-999,9,-999,9,-999,9,-999,9,-999,9,-999,9,-999,9,-999,-999,9
  32PO20130829,WCOA13,96,2,4,2,90820,1730,44.65,-124.13,46,36.5,7.5639,33.812,2,-999,9,68,2,-999,9,-999,9,-999,9,-999,9,-999,9,-999,9,-999,9,-999,9,-999,9,-999,-999,9
  32PO20130829,WCOA13,96,2,5,2,90820,1730,44.65,-124.13,46,36.5,7.5638,33.812,2,-999,9,68,2,-999,9,-999,9,-999,9,-999,9,-999,9,-999,9,-999,9,-999,9,-999,9,-999,-999,9
  32PO20130829,WCOA13,96,2,6,2,90820,1730,44.65,-124.13,46,36.5,7.5637,33.812,2,-999,9,68,2,-999,9,-999,9,-999,9,-999,9,-999,9,-999,9,-999,9,-999,9,-999,9,-999,-999,9
  32PO20130829,WCOA13,96,2,7,2,90820,1730,44.65,-124.13,46,36.5,7.5637,33.812,2,-999,9,68,2,-999,9,-999,9,-999,9,-999,9,-999,9,-999,9,-999,9,-999,9,-999,9,-999,-999,9
  32PO20130829,WCOA13,96,2,8,2,90820,1732,44.65,-124.13,46,36.5,7.5647,33.811,2,33.8141,2,68.3,2,-999,9,51.12,2,31.02,2,0.67,2,2.69,2,2.07,2,2268.8,2,2262.4,2,7.2964,3,25,43.727,2
  32PO20130829,WCOA13,96,2,9,2,90820,1734,44.65,-124.13,46,29.9,7.575,33.801,2,33.7999,2,72.9,2,-999,9,49.81,2,30.69,2,0.66,2,2.65,2,1.96,2,2265.2,2,2262.2,2,7.2931,2,25,44.641,2
  32PO20130829,WCOA13,96,2,10,2,90820,1736,44.65,-124.13,46,19.8,7.7612,33.718,2,33.72,2,109.5,2,-999,9,45.21,2,29.2,2,0.57,2,2.48,2,1.72,2,2239.3,2,2252.5,2,7.3561,2,25,50.907,2
  32PO20130829,WCOA13,96,2,11,2,90820,1738,44.65,-124.13,46,9.8,8.044,33.637,2,33.6408,2,139.3,2,-999,9,39.62,2,27.3,2,0.51,2,2.4,2,1.59,2,2215.8,2,2251.4,2,7.414,2,25,57.836,2
  32PO20130829,WCOA13,96,2,12,2,90820,1739,44.65,-124.13,46,2.5,8.3666,33.588,2,33.5905,6,144,2,-999,9,34.7,2,25.17,2,0.47,2,2.28,2,1.63,2,2199.1,6,2249.2,6,7.464,2,25,63.022,2
  32PO20130829,WCOA13,97,1,1,2,90820,1954,44.65,-124.3,80,71.1,7.4333,33.828,2,-999,9,75.5,2,-999,9,-999,9,-999,9,-999,9,-999,9,-999,9,-999,9,-999,9,-999,9,-999,-999,9
  32PO20130829,WCOA13,97,1,2,2,90820,1954,44.65,-124.3,80,71.2,7.4314,33.829,2,-999,9,67.8,2,-999,9,-999,9,-999,9,-999,9,-999,9,-999,9,-999,9,-999,9,-999,9,-999,-999,9
  32PO20130829,WCOA13,97,1,3,2,90820,1954,44.65,-124.3,80,71.3,7.4301,33.829,2,-999,9,61.2,2,-999,9,-999,9,-999,9,-999,9,-999,9,-999,9,-999,9,-999,9,-999,9,-999,-999,9
  32PO20130829,WCOA13,97,1,4,2,90820,1954,44.65,-124.3,80,71.4,7.432,33.828,2,-999,9,71.8,2,-999,9,-999,9,-999,9,-999,9,-999,9,-999,9,-999,9,-999,9,-999,9,-999,-999,9
  32PO20130829,WCOA13,97,1,5,2,90820,1954,44.65,-124.3,80,71.4,7.432,33.828,2,33.8292,2,71.8,2,70.3,2,58.76,2,32.21,2,0.54,2,2.73,2,1.09,2,2263.9,2,2261.5,2,7.292,3,25,44.792,2
  32PO20130829,WCOA13,97,1,6,2,90820,1957,44.65,-124.3,80,60.2,7.6406,33.709,2,-999,9,105.9,2,109,2,40,2,30.94,2,0.32,2,2.32,2,0.11,2,2217.9,2,2247.2,2,7.3985,2,25,55.905,2
  32PO20130829,WCOA13,97,1,7,2,90820,2000,44.65,-124.3,80,50.2,7.7491,33.602,2,33.6054,2,121.5,2,121.9,2,36.73,2,29.18,2,0.19,2,2.23,2,0.12,2,2203.9,2,2241.3,2,7.4267,3,25,58.336,2
  32PO20130829,WCOA13,97,1,8,2,90820,2001,44.65,-124.3,80,40.5,7.7778,33.472,2,-999,9,147,2,142.9,2,31.98,2,26.68,2,0.11,2,2.07,2,0.14,2,2181.3,2,2230.6,2,7.4769,2,25,63.987,2
  32PO20130829,WCOA13,97,1,9,2,90820,2003,44.65,-124.3,80,30.3,7.5192,33.245,2,33.2203,2,151,2,152.2,2,30.7,2,25.53,2,0.09,2,2.04,2,0.16,2,2166.3,2,2219.9,2,7.4845,2,25,64.309,2
  32PO20130829,WCOA13,97,1,10,2,90820,2005,44.65,-124.3,80,20.5,7.7529,33.023,2,33.0165,2,134.4,2,137.2,2,27.93,2,25.46,2,0.14,2,2.16,2,0.96,2,2172.3,2,2216.7,2,7.445,3,25,56.993,2
  32PO20130829,WCOA13,97,1,11,2,90820,2007,44.65,-124.3,80,10.2,9.1448,33.026,2,-999,9,228,2,232.5,2,12.17,2,14.29,2,0.14,2,1.46,2,0.98,2,2102.1,2,2229.8,2,7.6983,2,25,96.963,2
  32PO20130829,WCOA13,97,1,12,2,90820,2009,44.65,-124.3,80,2.8,9.533,32.992,2,32.9945,6,240.5,2,236.3,2,11.71,2,14.18,2,0.13,2,1.39,2,0.85,2,2097.1,2,2227,2,7.7013,2,25,96.125,2
  32PO20130829,WCOA13,98,1,1,2,90820,2238,44.65,-124.65,280,271.3,6.726,33.998,2,34.0006,2,70.1,2,71.6,2,56.37,2,35.12,2,0.04,2,2.58,2,0,2,2261.3,2,2279.4,2,7.366,2,25,53.25,2
  32PO20130829,WCOA13,98,1,2,2,90820,2241,44.65,-124.65,280,203.7,7.1286,33.956,2,-999,9,80.5,2,38,2,51.14,2,33.88,2,0,2,2.52,2,0.02,2,2251.2,2,2270.3,2,7.371,2,25,52.861,2
  32PO20130829,WCOA13,98,1,3,2,90820,2244,44.65,-124.65,280,151.2,7.3783,33.917,2,33.9169,2,96.6,2,96.6,2,47.05,2,32.84,2,0.03,2,2.41,2,0.05,2,2237.3,2,2264.3,2,7.3919,2,25,55.34,2
  32PO20130829,WCOA13,98,1,4,4,90820,2247,44.65,-124.65,280,104.6,7.5694,33.811,2,-999,9,99.5,2,-999,9,-999,9,-999,9,-999,9,-999,9,-999,9,-999,9,-999,9,-999,9,-999,-999,9
  32PO20130829,WCOA13,98,1,5,2,90820,2250,44.65,-124.65,280,81.2,7.8014,33.676,2,33.677,2,129.1,2,123.1,2,38.75,2,29.61,2,0.37,2,2.29,2,0.12,2,2207.7,6,2247.7,6,7.4339,2,25,58.914,2
  32PO20130829,WCOA13,98,1,6,2,90820,2253,44.65,-124.65,280,61.3,8.392,33.488,2,-999,9,170.4,2,-999,9,28.77,2,24.7,2,0.43,2,1.96,2,0.74,2,2174.6,2,2241.3,2,7.5202,2,25,70.799,2
  32PO20130829,WCOA13,98,1,7,2,90820,2255,44.65,-124.65,280,50.5,8.1451,33.269,2,33.4857,4,169.4,2,167.2,2,26.79,2,23.37,2,0.36,2,1.98,2,1.49,2,2164.9,2,2227.2,2,7.5176,2,25,68.931,2
  32PO20130829,WCOA13,98,1,8,2,90820,2257,44.65,-124.65,280,40.4,7.6263,32.919,2,-999,9,225.5,2,-999,9,22.64,2,19.73,2,0.16,2,1.67,2,0.14,2,2115.2,2,2204.7,2,7.6073,3,25,81.324,2
  32PO20130829,WCOA13,98,1,9,2,90820,2259,44.65,-124.65,280,29.6,7.7755,32.753,2,-999,9,210.5,2,204.7,2,21.99,2,19.44,2,0.17,2,1.68,2,0.09,2,2109.6,2,2196.6,2,7.6042,2,25,79.312,2
  32PO20130829,WCOA13,98,1,10,2,90820,2301,44.65,-124.65,280,20.7,8.0704,32.636,2,-999,9,191.7,2,-999,9,21.34,2,19.3,2,0.24,2,1.74,2,0.25,2,2114.4,2,2189.8,2,7.5792,2,25,78.871,2
  32PO20130829,WCOA13,98,1,11,2,90820,2303,44.65,-124.65,280,10.4,11.0405,32.177,2,-999,9,261.5,2,255.9,2,7.2,2,7.38,2,0.13,2,0.91,2,0.7,2,2018.7,2,2187.2,2,7.826,2,25,117.192,2
  32PO20130829,WCOA13,98,1,12,2,90820,2304,44.65,-124.65,280,3,11.9403,32.001,2,32.0004,6,279.3,2,-999,9,5.55,2,4.03,2,0.12,2,0.66,2,0.19,2,1980,2,2180.5,2,7.8949,3,25,132.865,3
  32PO20130829,WCOA13,99,1,1,2,90821,117,44.65,-124.77,246,230.7,7.1711,33.959,2,33.9624,2,86.1,2,85.8,2,50.27,2,33.78,2,0.03,2,2.51,2,0.01,2,2246.2,2,2269.8,2,7.387,2,25,54.674,2
  32PO20130829,WCOA13,99,1,2,2,90821,120,44.65,-124.77,246,201.1,7.3325,33.944,2,-999,9,88.8,2,-999,9,48.12,2,33.25,2,0.02,2,2.43,2,0.07,2,2241.1,2,2267.8,2,7.3879,3,25,54.512,2
  32PO20130829,WCOA13,99,1,3,2,90821,124,44.65,-124.77,246,152.2,7.5181,33.898,2,33.8984,2,101.9,2,105.9,2,44.97,2,32.31,2,0.03,2,2.38,2,0.01,2,2230.9,2,2260.8,2,7.4069,2,25,57.028,2
  32PO20130829,WCOA13,99,1,4,3,90821,126,44.65,-124.77,246,124.7,7.7957,33.812,2,-999,9,132.7,2,-999,9,9.58,4,9.98,4,0.17,4,1.18,4,0.94,4,2059.2,4,-999,5,7.7365,3,25,119.963,3
  32PO20130829,WCOA13,99,1,5,2,90821,129,44.65,-124.77,246,102.9,7.923,33.738,2,33.7349,2,142.3,2,136.6,2,38.34,2,29.79,2,0.08,2,2.25,2,0.04,2,2206.6,2,2251.2,2,7.4498,2,25,61.413,2
  32PO20130829,WCOA13,99,1,6,2,90821,131,44.65,-124.77,246,81.9,8.0822,33.626,2,-999,9,152.5,2,-999,9,34.2,2,27.85,2,0.1,2,2.1,2,0.03,2,2191,2,2239.8,3,7.478,2,25,64.443,2
  32PO20130829,WCOA13,99,1,7,2,90821,133,44.65,-124.77,246,61.1,7.8287,33.238,2,-999,9,164.5,2,161.5,2,28.9,2,24.69,2,0.27,2,2.01,2,0.26,2,2162.2,2,2220.3,2,7.5011,3,25,67.944,2
  32PO20130829,WCOA13,99,1,8,2,90821,136,44.65,-124.77,246,40.8,7.9214,32.873,2,-999,9,158.9,2,158.4,2,24.76,2,23.21,2,0.15,2,2,2,0.77,2,2150.6,2,2204.4,2,7.4953,2,25,66.056,3
  32PO20130829,WCOA13,99,1,9,2,90821,138,44.65,-124.77,246,30.3,8.1511,32.652,2,32.6056,2,168,2,199.8,2,12.14,2,14.31,2,0.14,2,1.54,2,1.79,2,2108.8,2,2205.7,2,7.6277,2,25,83.988,2
  32PO20130829,WCOA13,99,1,10,2,90821,140,44.65,-124.77,246,20.3,9.9274,32.434,2,-999,9,242.2,2,234.2,2,9.33,2,9.5,2,0.16,2,1.16,2,0.85,2,2051.4,2,2194.8,2,7.7611,2,25,108.67,2
  32PO20130829,WCOA13,99,1,11,2,90821,142,44.65,-124.77,246,10,12.2158,31.88,2,-999,9,288.4,2,281.4,2,4.53,2,2.99,2,0.08,2,0.57,2,0.13,2,1960.8,2,2179.9,2,7.9287,2,25,138.658,2
  32PO20130829,WCOA13,99,1,12,2,90821,144,44.65,-124.77,246,2.9,12.6807,31.84,2,31.8414,6,288,2,-999,9,4.04,2,1.73,2,0.06,2,0.49,2,0.1,2,1947.1,2,2173.5,2,7.9579,2,25,147.284,2
  32PO20130829,WCOA13,101,1,1,2,90821,1424,44.2,-124.17,45,35.6,7.9455,33.784,2,33.7805,2,121.9,2,117.3,2,43.21,2,29.82,2,0.9,2,2.55,2,2.51,2,2237.3,2,2260.6,2,7.3745,2,25,54.924,2
  32PO20130829,WCOA13,101,1,2,2,90821,1425,44.2,-124.17,45,35.5,7.9503,33.783,2,-999,9,121.9,2,121.4,2,40.06,2,28.83,2,0.87,2,2.42,2,2.5,2,2233.9,2,2258.5,2,7.3808,2,25,53.914,2
  32PO20130829,WCOA13,101,1,3,2,90821,1427,44.2,-124.17,45,30.2,8.0321,33.772,2,33.7686,2,124.8,2,124.4,2,39.41,2,28.35,2,0.76,2,2.41,2,2.97,2,2230.4,2,2259.4,2,7.3968,2,25,55.489,2
  32PO20130829,WCOA13,101,1,4,4,90821,1428,44.2,-124.17,45,19.7,8.1217,33.753,2,-999,9,131.8,2,-999,9,-999,9,-999,9,-999,9,-999,9,-999,9,-999,9,-999,9,-999,9,-999,-999,9
  32PO20130829,WCOA13,101,1,5,2,90821,1430,44.2,-124.17,45,10.4,8.5632,33.707,2,33.6975,2,176,2,177.5,2,28.97,2,23.32,2,0.74,2,2.17,2,3.08,2,2198.6,2,2260.1,2,7.5017,2,25,68.049,2
  32PO20130829,WCOA13,101,1,6,2,90821,1432,44.2,-124.17,45,3,9.2984,33.661,2,33.6567,2,233.1,2,236.7,2,19.69,2,17.35,2,0.56,2,1.66,2,1.4,2,2149.4,2,2264.5,2,7.6561,2,25,92.687,2
  32PO20130829,WCOA13,101,1,7,2,90821,1432,44.2,-124.17,45,2.9,9.3025,33.661,2,33.657,2,233.1,2,236,2,19.87,2,17.44,2,0.57,2,1.68,2,1.47,2,-999,9,-999,9,-999,9,-999,-999,9
  32PO20130829,WCOA13,102,1,1,2,90821,1647,44.2,-124.26,71,66.6,7.6788,33.86,2,33.8548,2,96,2,-999,9,53.86,2,32.94,2,0.53,2,2.58,2,0.23,2,-999,9,-999,9,-999,9,-999,-999,9
  32PO20130829,WCOA13,102,1,2,2,90821,1647,44.2,-124.26,71,66.7,7.6788,33.86,2,-999,9,96,2,98.9,2,53.7,2,32.87,2,0.52,2,2.58,2,0.34,2,2248.7,2,2263,2,7.3376,2,25,49.311,2
  32PO20130829,WCOA13,102,1,3,2,90821,1649,44.2,-124.26,71,40.1,7.9295,33.798,2,33.7924,2,135.5,2,127.9,2,39.62,2,31.22,2,0.05,2,2.31,2,0.09,2,2219.4,2,2254.3,2,7.4164,2,25,58.292,2
  32PO20130829,WCOA13,102,1,4,2,90821,1651,44.2,-124.26,71,31.1,8.0358,33.775,2,-999,9,139.1,2,-999,9,38.47,2,30.01,2,0.55,2,2.33,2,0.61,2,-999,9,-999,9,-999,9,-999,-999,9
  32PO20130829,WCOA13,102,1,5,2,90821,1651,44.2,-124.26,71,31,8.0352,33.775,2,33.7635,2,139.1,2,139.2,2,38.64,2,30.04,2,0.55,2,2.35,2,0.63,2,2218.5,2,2253.6,2,7.4239,3,25,58.311,2
  32PO20130829,WCOA13,102,1,6,2,90821,1654,44.2,-124.26,71,19.8,8.1304,33.673,2,33.7081,2,137.5,2,157.9,2,19.61,2,20.33,2,0.51,2,2.19,2,6.02,2,2217.7,2,2269.5,2,7.4684,3,25,63.4,2
  32PO20130829,WCOA13,102,1,7,2,90821,1656,44.2,-124.26,71,9.6,10.4621,33.629,2,-999,9,296.4,2,301.3,2,5.93,2,7.23,2,0.3,2,0.91,2,0.36,2,2075.2,2,2273.7,2,7.8598,3,25,134.675,2
  32PO20130829,WCOA13,102,1,8,2,90821,1656,44.2,-124.26,71,3.3,10.7601,33.609,2,33.6102,2,309.4,2,316.8,2,4.46,2,4.71,2,0.25,2,0.75,2,0.21,2,2053,2,2273.2,2,7.9072,3,25,140.816,2
  32PO20130829,WCOA13,102,1,9,2,90821,1656,44.2,-124.26,71,3.3,10.7931,33.607,2,33.6102,2,311.5,2,-999,9,4.3,2,4.72,2,0.22,2,0.76,2,0.18,2,-999,9,-999,9,-999,9,-999,-999,9
  32PO20130829,WCOA13,103,1,1,2,90821,1826,44.2,-124.42,93,86.1,7.4942,33.892,2,33.8869,2,68.6,2,-999,9,58.34,2,33.28,2,0.54,2,2.68,2,0.7,2,-999,9,-999,9,7.3015,2,25,46.986,3
  32PO20130829,WCOA13,103,1,2,2,90821,1826,44.2,-124.42,93,86.1,7.4944,33.892,2,-999,9,68.6,2,70.4,2,58.34,2,33.33,2,0.54,2,2.69,2,0.69,2,2267.4,2,2266,2,7.2995,2,25,46.051,2
  32PO20130829,WCOA13,103,1,3,2,90821,1828,44.2,-124.42,93,60.6,7.8617,33.883,2,33.8787,2,116.6,2,115,2,42.89,2,31.9,2,0.08,2,2.38,2,0.02,2,2229.9,2,2261.6,3,7.4061,3,25,57.008,2
  32PO20130829,WCOA13,103,1,4,2,90821,1830,44.2,-124.42,93,40.2,8.1794,33.787,2,33.7858,2,145.7,2,136.9,2,36.88,2,26.55,2,0.9,2,2.44,2,3.89,2,2232.4,2,2264.2,2,7.4113,2,25,57.641,2
  32PO20130829,WCOA13,103,1,5,2,90821,1832,44.2,-124.42,93,30.2,8.0945,33.665,2,-999,9,129.1,2,134.6,2,31.84,2,25.94,2,0.61,2,2.37,2,4.42,2,2222.1,2,2258.8,2,7.4163,2,25,58.266,2
  32PO20130829,WCOA13,103,1,6,2,90821,1833,44.2,-124.42,93,19.9,8.9569,33.418,2,33.4214,2,213,2,215.3,2,7.12,2,13.29,2,0.36,2,1.48,2,3.7,2,2142.1,2,2253.1,2,7.6562,2,25,91.81,2
  32PO20130829,WCOA13,103,1,7,2,90821,1835,44.2,-124.42,93,10,11.4082,33.151,2,-999,9,292.8,2,284.4,2,4.03,2,6.53,2,0.19,2,0.81,2,0.89,2,2033.8,2,2242.8,2,7.8953,2,25,140.788,2
  32PO20130829,WCOA13,103,1,8,2,90821,1836,44.2,-124.42,93,3.2,11.9992,33,2,32.9986,2,296.3,2,297.8,2,3.06,2,5.31,2,0.16,2,0.68,2,0.27,2,2004.2,2,2230.9,2,7.9386,3,25,150.486,2
  32PO20130829,WCOA13,103,1,9,2,90821,1837,44.2,-124.42,93,3,12.0005,33,2,32.9967,2,296.3,2,-999,9,3.07,2,5.29,2,0.16,2,0.68,2,0.25,2,-999,9,-999,9,-999,9,-999,-999,9
  32PO20130829,WCOA13,104,1,1,2,90821,2047,44.2,-124.58,104,99.6,7.1429,33.894,2,33.8907,2,34.9,2,36.4,2,73.36,2,33.69,2,0.33,2,3.02,2,0.46,2,2291.2,2,2268,2,7.2374,2,25,40.359,2
  32PO20130829,WCOA13,104,1,2,2,90821,2049,44.2,-124.58,104,90.6,7.1535,33.892,2,33.8887,2,37.1,2,39.8,2,73.36,2,33.8,2,0.33,2,2.99,2,0.45,2,2288.8,2,2271.9,2,7.241,2,25,41.858,2
  32PO20130829,WCOA13,104,1,3,2,90821,2051,44.2,-124.58,104,81.1,7.1949,33.878,2,-999,9,41.9,2,41,2,67.18,2,34.4,2,0.27,2,2.9,2,0.25,2,2284.3,2,2266.9,2,7.2478,2,25,43.29,2
  32PO20130829,WCOA13,104,1,4,2,90821,2055,44.2,-124.58,104,60.6,7.4828,33.809,2,-999,9,73.3,2,70,2,49.29,2,33.39,2,0.56,2,2.62,2,0.97,2,2258.5,2,2255.6,4,7.3025,2,25,45.933,2
  32PO20130829,WCOA13,104,1,5,2,90821,2057,44.2,-124.58,104,40.2,8.1247,33.67,2,-999,9,126.8,2,127.1,2,26.36,2,24.17,2,0.49,2,2.28,2,4.99,2,2229.6,2,2259.4,2,7.4088,3,25,57.415,2
  32PO20130829,WCOA13,104,1,6,2,90821,2058,44.2,-124.58,104,30.4,8.8298,33.508,2,33.4356,3,231.7,2,233.3,2,5.21,2,11.27,2,0.27,2,1.34,2,4.03,2,2122.8,2,2257,2,7.7237,2,25,104.688,2
  32PO20130829,WCOA13,104,1,7,2,90821,2100,44.2,-124.58,104,21.2,10.303,33.416,2,33.4046,2,276.6,2,271.7,2,2.77,2,6.78,2,0.19,2,0.91,2,2.75,2,2066.1,2,2258.8,2,7.8633,3,25,133.841,2
  32PO20130829,WCOA13,104,1,8,2,90821,2102,44.2,-124.58,104,10.3,12.2862,33.345,2,-999,9,304.2,2,307.6,2,1.3,2,2.46,2,0.1,2,0.44,2,0.59,2,1990.3,2,2258.3,2,8.0093,2,25,172.579,2
  32PO20130829,WCOA13,104,1,9,2,90821,2104,44.2,-124.58,104,2.9,12.5072,33.334,2,33.3337,2,315.5,2,316.2,2,1.45,2,1.81,2,0.1,2,0.41,2,0.18,2,1978.6,2,2253.8,2,8.0335,2,25,167.351,2
  32PO20130829,WCOA13,104,1,10,2,90821,2104,44.2,-124.58,104,2.9,12.5158,33.334,2,33.3332,2,315.7,2,317,2,1.45,2,1.85,2,0.1,2,0.43,2,0.24,2,-999,9,-999,9,8.0322,3,25,178.353,2
  32PO20130829,WCOA13,105,1,1,2,90822,111,44.2,-124.98,313,303,5.9632,33.99,2,33.9878,2,66.6,2,19,2,56.78,2,33.02,2,0.05,2,2.53,2,0.02,2,2271.9,2,2286.9,2,7.3533,2,25,51.712,2
  32PO20130829,WCOA13,105,1,2,2,90822,115,44.2,-124.98,313,202.6,7.0699,33.966,2,33.9636,2,91,2,93,2,47.84,2,32.83,2,0.02,2,2.4,2,0.01,2,2239.3,2,2270.1,2,7.4084,2,25,57.299,2
  32PO20130829,WCOA13,105,1,3,2,90822,118,44.2,-124.98,313,150.8,7.3088,33.893,2,-999,9,117,2,116.9,2,42.81,2,30.7,2,0.01,2,2.25,2,0.07,2,2218.8,2,2262.6,2,7.4487,3,25,61.84,2
  32PO20130829,WCOA13,105,1,4,2,90822,121,44.2,-124.98,313,100.6,8.1895,33.772,2,-999,9,153.1,2,153.5,2,35.99,2,28.25,2,0.01,2,2.1,2,0,2,2195.4,2,2252,2,7.4915,2,25,67.373,2
  32PO20130829,WCOA13,105,1,5,2,90822,123,44.2,-124.98,313,81,8.7193,33.712,2,33.6952,2,185.2,2,186.7,2,33.07,2,25.92,2,0.15,2,1.97,2,0.09,2,2177.8,2,2248.2,2,7.534,2,25,72.595,2
  32PO20130829,WCOA13,105,1,6,2,90822,125,44.2,-124.98,313,60.1,8.6815,33.15,2,33.1522,2,212.3,2,205.9,2,21.71,2,19.16,2,0.21,2,1.63,2,0.23,2,2121.9,2,2217.8,2,7.6205,2,25,84.167,2
  32PO20130829,WCOA13,105,1,7,2,90822,126,44.2,-124.98,313,50.4,8.8602,33.072,2,-999,9,220.1,2,215.6,2,19.6,2,17.49,2,0.25,2,1.54,2,0.29,2,2109.2,2,2214.3,2,7.6472,3,25,88.828,2
  32PO20130829,WCOA13,105,1,8,2,90822,128,44.2,-124.98,313,40.5,9.3948,32.94,2,-999,9,248.4,2,239.2,2,14.41,2,13.42,2,0.32,2,1.34,2,0.74,2,2083.2,2,2210,2,7.7092,2,25,95.154,2
  32PO20130829,WCOA13,105,1,9,2,90822,130,44.2,-124.98,313,29.9,9.4109,32.753,2,-999,9,261,2,255.6,2,11.49,2,10.34,2,0.22,2,1.16,2,0.5,2,2060,2,2199.4,2,7.7506,2,25,106.692,2
  32PO20130829,WCOA13,105,1,10,2,90822,132,44.2,-124.98,313,20.4,11.0327,32.361,2,-999,9,309.9,2,287.4,2,8.43,2,4.22,2,0.09,2,0.74,2,0.24,2,2013.1,2,2189.3,2,7.8468,2,25,124.162,2
  32PO20130829,WCOA13,105,1,11,2,90822,134,44.2,-124.98,313,10.3,14.7465,32.187,2,-999,9,280.2,2,279.7,2,2.97,2,0,2,0.03,2,0.33,2,0.1,2,1953.9,2,2191.3,2,7.9776,2,25,158.386,2
  32PO20130829,WCOA13,105,1,12,2,90822,135,44.2,-124.98,313,3.2,14.9349,32.18,2,32.1788,6,280,2,279.7,2,3.16,2,0.05,2,0.04,2,0.34,2,0.12,2,1953.8,2,2191.1,2,7.9818,3,25,156.653,2
  32PO20130829,WCOA13,110,1,1,2,90822,2003,41.99,-124.33,40,36.1,9.8048,33.696,2,33.6955,2,179.4,2,180.2,2,31.91,2,22.52,2,0.41,2,2,2,2.15,2,2180.1,2,2253.9,2,7.5424,2,25,83.13,3
  32PO20130829,WCOA13,110,1,2,2,90822,2003,41.99,-124.33,40,36.2,9.8494,33.692,2,-999,9,180.1,2,-999,9,31.89,2,22.59,2,0.42,2,2.01,2,2.24,2,-999,9,-999,9,-999,9,-999,-999,9
  32PO20130829,WCOA13,110,1,3,2,90822,2005,41.99,-124.33,40,20.3,9.8066,33.632,2,33.6307,2,193.6,2,194.4,2,28.39,2,21.6,2,0.41,2,1.91,2,1.46,2,2160.4,2,2249,2,7.5813,2,25,79.651,2
  32PO20130829,WCOA13,110,1,4,2,90822,2005,41.99,-124.33,40,20.3,9.8054,33.632,2,-999,9,193.5,2,-999,9,28.38,2,21.53,2,0.41,2,1.86,2,1.4,2,-999,9,-999,9,-999,9,-999,-999,9
  32PO20130829,WCOA13,110,1,5,2,90822,2008,41.99,-124.33,40,15.2,9.7839,33.62,2,33.6214,2,194.9,2,197,2,28.19,2,21.99,2,0.4,2,1.91,2,1.3,2,2158.8,2,2246,2,7.5859,2,25,80.198,2
  32PO20130829,WCOA13,110,1,6,2,90822,2008,41.99,-124.33,40,15.2,9.7821,33.622,2,-999,9,194.5,2,-999,9,28.17,2,22.25,2,0.39,2,1.85,2,1.17,2,-999,9,-999,9,-999,9,-999,-999,9
  32PO20130829,WCOA13,110,1,7,2,90822,2011,41.99,-124.33,40,10.3,9.9344,33.584,2,33.5881,2,202.1,2,209.4,2,26.17,2,20.67,2,0.38,2,1.75,2,1.18,2,2146.8,2,2239.2,2,7.6228,2,25,86.147,2
  32PO20130829,WCOA13,110,1,8,2,90822,2011,41.99,-124.33,40,10.3,9.9291,33.589,2,-999,9,201.6,2,-999,9,25.82,2,20.76,2,0.38,2,1.73,2,1.12,2,-999,9,-999,9,-999,9,-999,-999,9
  32PO20130829,WCOA13,110,1,9,2,90822,2013,41.99,-124.33,40,2.8,11.7746,33.541,2,33.5254,2,317.2,2,346.6,2,5.78,2,4.09,2,0.24,2,0.66,2,0.65,2,2008.7,2,2262.1,2,7.9759,2,25,158.885,2
  32PO20130829,WCOA13,110,1,10,2,90822,2013,41.99,-124.33,40,2.8,11.7709,33.54,2,33.5291,2,317.2,2,-999,9,5.6,2,4.08,2,0.22,2,0.73,2,1.14,2,-999,9,-999,9,-999,9,-999,-999,9
  32PO20130829,WCOA13,109,1,1,2,90822,2114,41.97,-124.42,82,76.2,9.0649,33.759,2,-999,9,121.1,2,-999,9,-999,9,-999,9,-999,9,-999,9,-999,9,-999,9,-999,9,-999,9,-999,-999,9
  32PO20130829,WCOA13,109,1,2,2,90822,2114,41.97,-124.42,82,76.2,9.066,33.759,2,33.7576,2,121.1,2,123.8,2,40,2,28.18,2,0.38,2,2.29,2,1.73,2,2213,2,2251.5,2,7.4308,2,25,-999,5
  32PO20130829,WCOA13,109,1,3,2,90822,2116,41.97,-124.42,82,60.1,9.3815,33.711,2,-999,9,168.8,2,154.1,2,32.75,2,25.35,2,0.4,2,2.06,2,1.45,2,2186.3,2,2249,2,7.5093,2,25,69.162,2
  32PO20130829,WCOA13,109,1,4,2,90822,2118,41.97,-124.42,82,50.6,9.6704,33.661,2,33.7046,2,179.4,2,182.7,2,25.33,2,21.32,2,0.41,2,1.71,2,1.26,2,2162.7,2,2247.5,2,7.5781,2,25,79.489,2
  32PO20130829,WCOA13,109,1,5,2,90822,2120,41.97,-124.42,82,40.4,10.1383,33.63,2,-999,9,204.8,2,205,2,23.36,2,20.03,2,0.46,2,1.7,2,1.4,2,2144.6,2,2247.8,2,7.6349,2,25,84.311,3
  32PO20130829,WCOA13,109,1,6,2,90822,2123,41.97,-124.42,82,30.2,10.126,33.507,2,-999,9,219.1,2,-999,9,-999,9,-999,9,-999,9,-999,9,-999,9,-999,9,-999,9,-999,9,-999,-999,9
  32PO20130829,WCOA13,109,1,7,2,90822,2123,41.97,-124.42,82,30.2,10.1233,33.504,2,33.4878,2,219.4,2,221.7,2,23.38,2,19.68,2,0.36,2,1.61,2,0.85,2,2128.5,2,2237.4,2,7.6524,2,25,91.244,2
  32PO20130829,WCOA13,109,1,8,2,90822,2126,41.97,-124.42,82,20.1,10.2061,33.45,2,-999,9,227.7,2,229.1,2,22.57,2,19.02,2,0.35,2,1.57,2,0.65,2,2122.8,2,2234.4,2,7.6653,2,25,93.821,2
  32PO20130829,WCOA13,109,1,9,2,90822,2128,41.97,-124.42,82,14.9,10.2672,33.446,2,33.4415,2,226.6,2,230.2,2,21.93,2,18.5,2,0.36,2,1.54,2,0.78,2,2119.7,2,2236.5,2,7.6739,2,25,93.228,2
  32PO20130829,WCOA13,109,1,10,2,90822,2131,41.97,-124.42,82,10.3,10.44,33.437,2,-999,9,233.7,2,236.8,2,20.62,2,17.62,2,0.37,2,1.49,2,0.82,2,2115.7,2,2235.5,2,7.6954,2,25,98.991,2
  32PO20130829,WCOA13,109,1,11,2,90822,2133,41.97,-124.42,82,3.3,10.7565,33.335,2,33.3468,6,239.4,2,248.4,2,19.15,2,16.52,2,0.34,2,1.39,2,0.53,2,2101.2,2,2231.3,2,7.7186,2,25,101.984,2
  32PO20130829,WCOA13,109,1,12,2,90822,2133,41.97,-124.42,82,3.2,10.7608,33.333,2,-999,9,239.4,2,-999,9,-999,9,-999,9,-999,9,-999,9,-999,9,-999,9,-999,9,-999,9,-999,-999,9
  32PO20130829,WCOA13,108,1,1,2,90822,2243,41.96,-124.49,108,100.7,8.341,33.749,2,33.7494,2,131.8,2,134,2,38.66,2,28.59,2,0.11,2,2.15,2,0.1,2,2198.6,2,2247.1,2,7.4705,2,25,68.841,3
  32PO20130829,WCOA13,108,1,2,2,90822,2246,41.96,-124.49,108,80,8.3307,33.741,2,-999,9,136.5,2,136.9,2,37.48,2,28.49,2,0.08,2,2.13,2,0.06,2,2195.7,2,2247.1,2,7.4766,2,25,64.868,2
  32PO20130829,WCOA13,108,1,3,2,90822,2248,41.96,-124.49,108,59.7,8.404,33.639,2,33.6357,2,164.7,2,164.9,2,30.19,2,25.95,2,0.1,2,1.92,2,0.08,2,2171.5,2,2239.4,2,7.5352,2,25,72.586,2
  32PO20130829,WCOA13,108,1,4,2,90822,2251,41.96,-124.49,108,49.6,8.8389,33.594,2,-999,9,177.2,2,180.1,2,28.36,2,24.41,2,0.16,2,1.86,2,0.36,2,2162,2,2239.6,2,7.5631,3,25,77.029,2
  32PO20130829,WCOA13,108,1,5,2,90822,2253,41.96,-124.49,108,40.5,9.5116,33.377,2,33.3631,2,222.5,2,220.4,2,22.89,2,20.55,2,0.29,2,1.61,2,0.15,2,2126.2,2,2226.7,2,7.6377,2,25,87.828,2
  32PO20130829,WCOA13,108,1,6,2,90822,2255,41.96,-124.49,108,29.8,9.8902,33.192,2,33.2084,2,239.8,2,242.2,2,18.91,2,16.93,2,0.34,2,1.44,2,0.21,2,2098.2,2,2219.7,2,7.6998,2,25,98.657,2
  32PO20130829,WCOA13,108,1,7,2,90822,2257,41.96,-124.49,108,20.4,10.6868,33.114,2,-999,9,257.2,2,264,2,14.26,2,13.25,2,0.29,2,1.21,2,0.28,2,2070.3,2,2216.4,2,7.7665,3,25,109.689,2
  32PO20130829,WCOA13,108,1,8,2,90822,2259,41.96,-124.49,108,10.1,11.5244,33.109,2,-999,9,269.9,2,270.5,2,12.42,2,12.21,2,0.26,2,1.14,2,0.37,2,2063,2,2219.4,2,7.7867,2,25,114.622,2
  32PO20130829,WCOA13,108,1,9,2,90822,2301,41.96,-124.49,108,3,12.0287,33.103,2,33.104,2,270.9,2,272.6,2,10.92,2,11.43,2,0.24,2,1.08,2,0.43,2,2057.8,2,2217,2,7.8008,2,25,117.033,2
  32PO20130829,WCOA13,108,1,10,2,90822,2301,41.96,-124.49,108,3,12.036,33.103,2,33.1044,2,270.9,2,-999,9,10.57,2,10.96,2,0.23,2,1.06,2,0.4,2,-999,9,-999,9,7.8023,2,25,120.394,2
  32PO20130829,WCOA13,107,1,1,2,90823,154,41.94,-124.58,322,313.1,6.9545,34.024,2,34.0232,2,68.5,2,70.3,2,53.37,2,34.52,2,0.04,2,2.56,2,0.05,2,2255.3,2,2276.4,2,7.3737,2,25,53.746,2
  32PO20130829,WCOA13,107,1,2,2,90823,158,41.94,-124.58,322,200.8,7.5595,33.965,2,-999,9,95.8,2,97.3,2,43.89,2,31.73,2,0.02,2,2.32,2,0,2,2228.9,2,2265,2,7.4199,2,25,58.57,2
  32PO20130829,WCOA13,107,1,3,2,90823,202,41.94,-124.58,322,151.6,7.6243,33.887,2,33.8876,2,117.6,2,-999,9,39.48,2,29.9,2,0.04,2,2.18,2,0.04,2,2210.9,2,2256,2,7.4594,2,25,62.972,2
  32PO20130829,WCOA13,107,1,4,2,90823,205,41.94,-124.58,322,100.7,8.1561,33.69,2,-999,9,163.6,2,162,2,32.62,2,26.42,2,0.03,2,1.97,2,0.03,2,2177.4,2,2244.2,2,7.5226,2,25,70.603,2
  32PO20130829,WCOA13,107,1,5,2,90823,207,41.94,-124.58,322,80.4,8.7069,33.563,2,-999,9,185.5,2,185.9,2,28.54,2,24.07,2,0.05,2,1.83,2,0.03,2,2159.4,2,2237,2,7.5616,2,25,76.035,2
  32PO20130829,WCOA13,107,1,6,2,90823,211,41.94,-124.58,322,60.4,8.9005,33.292,2,-999,9,218.9,2,-999,9,20.86,3,17.74,3,0.17,3,1.49,3,0.16,3,2123.6,2,2223.3,2,7.6341,2,25,86.337,2
  32PO20130829,WCOA13,107,1,7,2,90823,213,41.94,-124.58,322,50.1,9.8782,33.421,2,33.4213,2,222.2,2,225.4,2,22.65,2,19.25,2,0.4,2,1.54,2,0.56,2,2126.4,2,2231.8,2,7.6461,2,25,88.549,2
  32PO20130829,WCOA13,107,1,8,2,90823,214,41.94,-124.58,322,40.5,10.2129,33.413,2,-999,9,235,2,235.7,2,21.33,2,18.35,2,0.42,2,1.51,2,0.89,2,2117.2,2,2232.6,2,7.673,2,25,94.69,2
  32PO20130829,WCOA13,107,1,9,2,90823,216,41.94,-124.58,322,30.4,10.9263,33.256,2,33.267,2,249.4,2,-999,9,17.41,2,15.46,2,0.35,2,1.34,2,0.92,2,2093.5,2,2224.1,2,7.717,2,25,100.224,2
  32PO20130829,WCOA13,107,1,10,2,90823,218,41.94,-124.58,322,20,11.7153,33.144,2,-999,9,274.9,2,271.7,2,12.17,2,11.01,2,0.25,2,1.1,2,0.23,2,2063.1,2,2222.2,3,7.79,2,25,112.558,2
  32PO20130829,WCOA13,107,1,11,2,90823,220,41.94,-124.58,322,9.8,12.3672,33.121,2,-999,9,275.6,2,-999,9,9.88,2,9.43,2,0.22,2,0.99,2,0.11,2,2047.6,2,2215.5,2,7.8273,2,25,125.662,2
  32PO20130829,WCOA13,107,1,12,2,90823,221,41.94,-124.58,322,2.7,13.1447,33.112,2,33.116,6,274.6,2,277.3,2,9.06,2,8.37,2,0.19,2,0.93,2,0.15,2,2041.6,2,2214.9,2,7.8453,2,25,126.917,2
  32PO20130829,WCOA13,106,1,1,2,90823,355,41.9,-124.79,704,690.2,4.6762,34.296,2,34.2947,6,12.5,2,13.9,6,99.22,2,41.88,2,0.03,2,3.17,2,0.03,2,2346.8,2,2342.1,2,7.2936,2,25,49.584,2
  32PO20130829,WCOA13,106,1,2,2,90823,400,41.9,-124.79,704,504.2,5.1832,34.135,2,-999,9,26.6,2,28.4,2,82.26,2,40.58,2,0.01,2,3.02,2,0.04,2,2318.7,2,2310.3,2,7.2978,2,25,46.912,2
  32PO20130829,WCOA13,106,1,3,2,90823,404,41.9,-124.79,704,402.9,5.7836,34.076,2,-999,9,40.8,2,41.6,2,71.17,2,38.73,2,0.01,2,2.86,2,0.07,2,2295.3,2,2297.6,2,7.3183,3,25,48.595,2
  32PO20130829,WCOA13,106,1,4,2,90823,408,41.9,-124.79,704,302.6,6.3648,34.034,2,34.0334,2,58.5,2,58.9,2,60.41,2,36.32,2,0,2,2.68,2,0.05,2,2272.3,2,2285.9,2,7.352,2,25,50.145,2
  32PO20130829,WCOA13,106,1,5,2,90823,412,41.9,-124.79,704,201.3,7.4724,33.955,2,-999,9,99,2,98.8,2,43.93,2,31.81,2,0.01,2,2.34,2,0.01,2,2230.3,2,2263.7,2,7.4226,2,25,58.874,2
  32PO20130829,WCOA13,106,1,6,2,90823,415,41.9,-124.79,704,151.6,7.9681,33.904,2,33.9039,2,114.3,2,-999,9,39.85,2,30.59,2,0.01,2,2.28,2,0.06,2,2220.4,2,2258.9,2,7.4368,2,25,60.582,2
  32PO20130829,WCOA13,106,1,7,2,90823,418,41.9,-124.79,704,100.8,8.3282,33.714,2,-999,9,160.8,2,155.5,2,33.17,2,26.88,2,0.01,2,2.03,2,0,2,2185.9,2,2248.2,2,7.5094,2,25,70.673,2
  32PO20130829,WCOA13,106,1,8,2,90823,420,41.9,-124.79,704,75.4,8.3928,33.508,2,-999,9,183,2,-999,9,28.94,2,24.09,2,0.01,2,1.87,2,0.04,2,2160.7,2,2236.6,2,7.5565,2,25,74.667,2
  32PO20130829,WCOA13,106,1,9,2,90823,422,41.9,-124.79,704,50,9.2993,33.323,2,33.3233,2,219.1,2,220,2,23.23,2,19.56,2,0.19,2,1.62,2,0.06,2,2124.4,2,2227.2,2,7.6379,2,25,86.923,2
  32PO20130829,WCOA13,106,1,10,2,90823,425,41.9,-124.79,704,25.4,12.67,33.126,2,-999,9,276,2,-999,9,7.57,2,8.59,2,0.18,2,1,2,0.12,2,2042.7,2,2221.5,2,7.8417,2,25,125.648,2
  32PO20130829,WCOA13,106,1,11,2,90823,427,41.9,-124.79,704,9.8,13.0456,33.042,2,-999,9,277.7,2,-999,9,4.96,2,6.26,2,0.15,2,0.77,2,0.18,2,2028.8,2,2217.4,2,7.8642,2,25,134.651,2
  32PO20130829,WCOA13,106,1,12,2,90823,428,41.9,-124.79,704,3.4,13.8342,33.037,2,33.0359,2,276.7,2,277.5,2,5.13,2,6.73,2,0.13,2,0.84,2,0.1,2,2026.4,2,2217.5,2,7.8702,2,25,135.849,2
  32PO20130829,WCOA13,115,1,1,2,90823,1826,40.25,-124.38,54,45.8,9.3003,33.367,2,33.3529,2,199.9,2,108.4,2,21.32,2,17.77,2,0.11,2,1.58,2,0.52,2,2120.1,2,2228.5,2,7.6474,2,25,96.5,2
  32PO20130829,WCOA13,115,1,2,2,90823,1828,40.25,-124.38,54,40.4,9.7617,33.314,2,33.2765,2,220.6,2,229.2,2,17.23,2,14.49,2,0.12,2,1.42,2,0.52,2,2095.4,2,2227.6,2,7.7084,2,25,101.41,2
  32PO20130829,WCOA13,115,1,3,2,90823,1832,40.25,-124.38,54,29,10.3225,33.234,2,-999,9,236.2,2,238.5,2,15.43,2,13.29,2,0.13,2,1.33,2,0.55,2,2086.1,2,2224.1,2,7.7333,2,25,106.734,2
  32PO20130829,WCOA13,115,1,4,2,90823,1834,40.25,-124.38,54,20.2,10.3326,33.23,2,33.2324,2,236.8,2,239,2,15.26,2,13.25,2,0.13,2,1.31,2,0.51,2,2084.9,2,2223,2,7.7369,2,25,104.079,2
  32PO20130829,WCOA13,115,1,5,2,90823,1836,40.25,-124.38,54,14.4,10.3482,33.221,2,-999,9,239.8,2,240.8,2,15.38,2,13.28,2,0.16,2,1.29,2,0.55,2,2082.6,2,2223.6,2,7.736,2,25,107.112,2
  32PO20130829,WCOA13,115,1,6,2,90823,1838,40.25,-124.38,54,10.3,10.5042,33.199,2,33.1997,2,244.8,2,245.6,2,14.38,2,12.72,2,0.16,2,1.26,2,0.6,2,2076.9,2,2222.1,2,7.7484,2,25,107.554,3
  32PO20130829,WCOA13,115,1,7,2,90823,1840,40.25,-124.38,54,3.2,11.3936,33.112,2,33.1149,6,265.8,2,270.2,2,10.43,2,9.95,2,0.16,2,1.04,2,0.31,2,2052.6,2,2218.8,2,7.8038,2,25,117.518,3
  32PO20130829,WCOA13,114,1,1,2,90823,1930,40.23,-124.41,95,88,8.4275,33.844,2,33.8407,2,104.7,2,109.5,2,38.08,2,29.21,2,0.08,2,2.25,2,0.07,2,2212.5,2,2251.3,2,7.4348,2,25,60.578,2
  32PO20130829,WCOA13,114,1,2,2,90823,1933,40.23,-124.41,95,60.4,8.5212,33.6,2,-999,9,157.1,2,161.8,2,28.9,2,23.81,2,0.13,2,1.9,2,0.15,2,2163.2,2,2234.7,2,7.5431,2,25,73.474,2
  32PO20130829,WCOA13,114,1,3,2,90823,1936,40.23,-124.41,95,50.5,8.4571,33.775,2,33.7652,2,121.5,2,121.9,2,35.64,2,27.79,2,0.11,2,2.16,2,0.18,2,2199.3,2,2248.1,2,7.4595,2,25,63.809,2
  32PO20130829,WCOA13,114,1,4,2,90823,1940,40.23,-124.41,95,39.9,8.6128,33.474,2,33.4879,2,174.9,2,172.9,2,26.46,2,22.43,2,0.12,2,1.8,2,0.22,2,2151.1,2,2229.3,2,7.5677,2,25,76.818,3
  32PO20130829,WCOA13,114,1,5,2,90823,1943,40.23,-124.41,95,30.9,8.6509,33.44,2,33.4316,2,181.1,2,182.6,2,24.83,2,21.32,2,0.12,2,1.74,2,0.24,2,2142.6,2,2230.8,2,7.5868,2,25,79.731,2
  32PO20130829,WCOA13,114,1,6,2,90823,1946,40.23,-124.41,95,20.2,8.6768,33.399,2,-999,9,184.9,2,191.3,2,23.36,2,20.31,2,0.12,2,1.67,2,0.24,2,2134.4,2,2226.6,2,7.6088,2,25,81.764,2
  32PO20130829,WCOA13,114,1,7,2,90823,1949,40.23,-124.41,95,10.2,-999,-999,9,-999,9,-999,9,211.4,2,20.09,2,17.88,2,0.13,2,1.53,2,0.42,2,2113.7,2,2223.8,2,7.6525,2,25,89.558,2
  32PO20130829,WCOA13,114,1,8,2,90823,1949,40.23,-124.41,95,10.2,9.0559,33.268,2,-999,9,213.8,2,218,2,18.13,2,16.12,2,0.14,2,1.44,2,0.36,2,2103.3,2,2221.9,2,7.6746,3,25,94.342,2
  32PO20130829,WCOA13,114,1,9,2,90823,1951,40.23,-124.41,95,2.9,10.6449,33.176,2,33.1877,6,263.6,2,254,2,12.72,2,11.11,2,0.17,2,1.17,2,0.21,2,2070.9,2,2223.1,2,7.7658,2,25,110.788,2
  32PO20130829,WCOA13,113,1,1,2,90823,2031,40.22,-124.44,128,120.3,8.0548,33.975,2,33.9679,2,80.8,2,81.1,2,43.54,2,31.81,2,0.03,2,2.4,2,0.03,2,2234.2,2,2261.8,2,7.3908,2,25,55.349,2
  32PO20130829,WCOA13,113,1,2,2,90823,2033,40.22,-124.44,128,97.9,8.5535,33.901,2,-999,9,80.6,2,88.8,2,42.05,2,31.1,2,0.02,2,2.39,2,0,2,2230.5,2,2259.2,2,7.3866,2,25,54.076,2
  32PO20130829,WCOA13,113,1,3,2,90823,2034,40.22,-124.44,128,80.8,8.5156,33.635,2,33.6163,2,154.6,2,152.7,2,29.91,2,24.58,2,0.12,2,1.92,2,0.14,2,2169.8,2,2239.5,2,7.5258,2,25,70.814,2
  32PO20130829,WCOA13,113,1,4,2,90823,2037,40.22,-124.44,128,60.6,8.7591,33.258,2,33.2637,2,208.3,2,208.5,2,20.56,2,18.65,2,0.09,2,1.54,2,0.21,2,2115.2,2,2221.6,2,7.64,2,25,87.858,3
  32PO20130829,WCOA13,113,1,5,2,90823,2039,40.22,-124.44,128,50,9.0104,33.219,2,-999,9,221.4,2,218.1,2,18.74,2,17.18,2,0.11,2,1.47,2,0.38,2,2106,2,2219.6,2,7.6624,2,25,92.036,2
  32PO20130829,WCOA13,113,1,6,2,90823,2042,40.22,-124.44,128,40.6,9.3419,33.175,2,33.1823,2,229,2,229.3,2,16.93,2,15.5,2,0.12,2,1.39,2,0.47,2,2095.2,2,2219,2,7.6909,2,25,107.695,2
  32PO20130829,WCOA13,113,1,7,2,90823,2042,40.22,-124.44,128,40.6,-999,-999,9,-999,9,-999,9,-999,9,-999,9,-999,9,-999,9,-999,9,-999,9,-999,9,-999,9,-999,9,-999,-999,9
  32PO20130829,WCOA13,113,1,8,2,90823,2045,40.22,-124.44,128,30.2,9.3288,33.174,2,-999,9,228.7,2,227.9,2,16.92,2,15.56,2,0.12,2,1.38,2,0.48,2,2095.3,2,2217,2,7.6871,2,25,93.851,2
  32PO20130829,WCOA13,113,1,9,2,90823,2048,40.22,-124.44,128,20.2,9.4703,33.168,2,-999,9,231.4,2,231.2,2,16.58,2,15.15,2,0.13,2,1.36,2,0.53,2,2091.7,2,2219.3,2,7.6995,2,25,94.12,2
  32PO20130829,WCOA13,113,1,10,2,90823,2051,40.22,-124.44,128,10.4,9.7235,33.159,2,-999,9,239.6,2,237.4,2,15.75,2,14.32,2,0.13,2,1.29,2,0.64,2,2086.7,2,2218.4,2,7.7148,2,25,103.241,2
  32PO20130829,WCOA13,113,1,11,2,90823,2052,40.22,-124.44,128,2.9,11.2782,33.139,2,33.1422,6,260.8,2,261,2,11.64,2,10.71,2,0.13,2,1.08,2,0.6,2,2060.5,2,2220.7,2,7.7842,2,25,112.022,2
  32PO20130829,WCOA13,112,1,1,2,90823,2303,40.21,-124.48,260,250.2,7.4429,34.051,2,34.058,2,65,2,68.8,2,49.71,2,33.82,2,0.06,2,2.55,2,0.12,2,2254.4,2,2280.7,2,7.3753,2,25,55.976,2
  32PO20130829,WCOA13,112,1,2,2,90823,2306,40.21,-124.48,260,201.4,7.586,34.031,2,-999,9,69.9,2,72.1,2,48.08,2,33.39,2,0.06,2,2.51,2,0.12,2,2248.5,2,2277.6,2,7.3827,2,25,55.238,2
  32PO20130829,WCOA13,112,1,3,2,90823,2309,40.21,-124.48,260,150.6,7.7286,33.931,2,33.9339,2,108.2,2,113.1,2,38.69,2,29.52,2,0.03,2,2.17,2,0.05,2,2212,2,2268.6,2,7.4614,2,25,62.968,2
  32PO20130829,WCOA13,112,1,4,2,90823,2312,40.21,-124.48,260,100.9,8.5655,33.918,2,33.9189,2,77.5,2,80.6,2,42.79,2,31.24,2,0.05,2,2.42,2,0.1,2,2233.9,2,2261.1,2,7.3715,2,25,53.114,2
  32PO20130829,WCOA13,112,1,5,2,90823,2315,40.21,-124.48,260,80.6,8.5796,33.876,2,-999,9,99.7,2,94.2,2,40.31,2,30,2,0.04,2,2.32,2,0.08,2,2222.7,2,2260.5,2,7.4001,3,25,55.701,2
  32PO20130829,WCOA13,112,1,6,3,90823,2318,40.21,-124.48,260,60.6,8.4061,33.496,2,33.1702,4,182.9,2,216.5,2,17.96,3,16.84,3,0.09,3,1.43,3,0.1,3,2103,3,2221.1,4,7.6665,2,25,96.026,2
  32PO20130829,WCOA13,112,1,7,2,90823,2320,40.21,-124.48,260,50.4,8.3818,33.294,2,-999,9,200.9,2,199.4,2,21.57,2,19.49,2,0.05,2,1.56,2,0.04,2,2123.6,2,2228.6,2,7.6207,2,25,84.154,2
  32PO20130829,WCOA13,112,1,8,2,90823,2323,40.21,-124.48,260,40.4,8.7364,33.166,2,-999,9,219.6,2,216.4,2,17.93,2,16.87,2,0.1,2,1.43,2,0.16,2,2105.5,2,2223.1,2,7.6594,2,25,93.121,2
  32PO20130829,WCOA13,112,1,9,2,90823,2325,40.21,-124.48,260,40.4,8.7027,33.165,2,-999,9,219.5,2,216.8,2,18.1,2,16.91,2,0.1,2,1.41,2,0.42,2,-999,9,-999,9,7.661,2,25,90.4,2
  32PO20130829,WCOA13,112,1,10,2,90823,2329,40.21,-124.48,260,20.4,10.2626,33.087,2,-999,9,260.3,2,259.4,2,11.83,2,10.76,2,0.16,2,1.12,2,0.75,2,2062.7,2,2223.5,2,7.7786,2,25,112.926,2
  32PO20130829,WCOA13,112,1,11,2,90823,2331,40.21,-124.48,260,9.8,11.0176,33.123,2,-999,9,270.4,2,273.3,2,10.67,2,9.3,2,0.18,2,1.03,2,0.42,2,2050.2,2,2225.2,2,7.8118,3,25,127.715,2
  32PO20130829,WCOA13,112,1,12,2,90823,2333,40.21,-124.48,260,3.1,11.4318,33.082,2,33.0909,6,274.3,2,274.3,2,10.32,2,9.14,2,0.19,2,0.99,2,0.44,2,2047.2,6,2224.1,6,7.8148,2,25,120.348,2
  32PO20130829,WCOA13,111,1,1,2,90824,124,40.1,-124.71,937,909,4.022,34.376,2,34.3814,6,13,2,13.3,2,111.11,2,41.74,2,0.02,2,3.13,2,0.04,2,2362.8,2,2361,2,7.3004,2,25,49.152,3
  32PO20130829,WCOA13,111,1,2,2,90824,130,40.1,-124.71,937,706.1,4.3613,34.263,2,34.268,2,12.1,2,14.2,2,105.71,2,42.63,2,0.02,2,3.12,2,0.14,2,2349.6,2,2341.8,2,7.2819,2,25,46.413,2
  32PO20130829,WCOA13,111,1,3,2,90824,135,40.1,-124.71,937,503.9,5.2059,34.163,2,-999,9,22.4,2,23.3,2,84.21,2,40.7,2,0.02,2,3.05,2,0.25,2,2320.7,2,2315.7,2,7.2918,2,25,45.478,2
  32PO20130829,WCOA13,111,1,4,2,90824,141,40.1,-124.71,937,302.1,6.1861,33.991,2,-999,9,71.6,2,70.6,2,59.75,2,35.78,2,0.03,2,2.6,2,0,2,2264.6,2,2282.4,2,7.3689,2,25,53.09,2
  32PO20130829,WCOA13,111,1,5,2,90824,146,40.1,-124.71,937,201.4,7.2236,33.921,2,-999,9,113,2,113.7,2,42.68,2,30.49,2,0.05,2,2.23,2,0.1,2,2219.7,2,2262.2,2,7.4511,3,25,62.382,2
  32PO20130829,WCOA13,111,1,6,2,90824,149,40.1,-124.71,937,150.4,7.802,33.903,2,33.9073,2,116.6,2,114,2,38.59,2,29.87,2,0.04,2,2.2,2,0.13,2,2214,2,2258.2,2,7.4527,2,25,69.795,2
  32PO20130829,WCOA13,111,1,7,2,90824,151,40.1,-124.71,937,101.2,8.5304,33.618,2,-999,9,164.5,2,162.8,2,28.59,2,24.47,2,0.12,2,1.9,2,0.09,2,2169.3,2,2238.7,2,7.5398,2,25,72.641,2
  32PO20130829,WCOA13,111,1,8,2,90824,153,40.1,-124.71,937,75.7,9.7062,33.389,2,-999,9,218.6,2,218.7,2,19.4,2,17.05,2,0.24,2,1.53,2,0.73,2,2121.5,2,2231,2,7.6625,2,25,98.375,2
  32PO20130829,WCOA13,111,1,9,2,90824,155,40.1,-124.71,937,50.1,10.5208,33.204,2,-999,9,266.7,2,256.4,2,14,2,12.77,2,0.24,2,1.23,2,0.34,2,2079.2,2,2223.5,2,7.7519,2,25,108.671,2
  32PO20130829,WCOA13,111,1,10,2,90824,158,40.1,-124.71,937,25.2,11.4482,32.946,2,32.9523,2,278.3,2,277.2,2,10.07,2,8.88,2,0.2,2,1.01,2,0.12,2,2042.7,2,2209.2,2,7.815,2,25,124.709,2
  32PO20130829,WCOA13,111,1,11,2,90824,200,40.1,-124.71,937,10.2,11.5865,32.941,2,-999,9,276.7,2,276.8,2,10.08,2,8.93,2,0.19,2,1,2,0.15,2,2042.2,2,2207.9,2,7.8141,2,25,121.922,2
  32PO20130829,WCOA13,111,1,12,2,90824,202,40.1,-124.71,937,2.7,11.9012,32.944,2,32.9495,2,276.1,2,276.4,2,10.26,2,9.02,2,0.21,2,1,2,0.14,2,2042.3,2,2208.6,2,7.8131,2,25,118.32,2
  32PO20130829,WCOA13,133,1,1,2,90824,2123,37.67,-123.48,2879,2530.1,1.7382,34.627,2,34.6475,6,101.9,2,-999,5,162.34,2,37.72,2,0.03,2,2.77,2,0.05,2,2367,6,2430.4,6,7.3037,2,25,73.346,2
  32PO20130829,WCOA13,133,1,2,2,90824,2132,37.67,-123.48,2879,2275.7,1.8352,34.612,2,-999,9,89.9,2,90.3,2,164.97,2,39.66,2,0.02,2,2.87,2,0.04,2,2372.1,2,2427.6,2,7.2973,2,25,69.812,2
  32PO20130829,WCOA13,133,1,3,2,90824,2140,37.67,-123.48,2879,2025.5,1.9773,34.593,2,-999,9,77.3,2,77.9,2,161.53,2,40.34,2,0.03,2,2.93,2,0,2,2376.3,2,2424.3,2,7.3031,2,25,65.502,2
  32PO20130829,WCOA13,133,1,4,2,90824,2149,37.67,-123.48,2879,1771.6,2.2807,34.558,2,-999,9,57.9,2,57.8,2,151.53,2,41.55,2,0.03,2,3.02,2,0.12,2,2382.5,2,2413.7,2,7.3047,2,25,60.17,2
  32PO20130829,WCOA13,133,1,5,2,90824,2157,37.67,-123.48,2879,1516.8,2.7383,34.526,2,34.5471,2,44.1,2,44.3,2,148.9,2,42.24,2,0.03,2,3.07,2,0.22,2,2380,2,2401.4,2,7.309,2,25,57.739,2
  32PO20130829,WCOA13,133,1,6,2,90824,2205,37.67,-123.48,2879,1263.1,3.3358,34.48,2,-999,9,29.5,2,29.3,2,127.42,2,42.75,2,0.04,2,3.16,2,0.1,2,2374.2,2,2388,2,7.3149,2,25,52.95,3
  32PO20130829,WCOA13,133,1,7,2,90824,2212,37.67,-123.48,2879,1009.5,4.0443,34.415,2,-999,9,16.1,2,16,2,111.67,2,42.82,2,0.05,2,3.22,2,0.18,2,2366.7,2,2367.2,2,7.3444,2,25,49.073,2
  32PO20130829,WCOA13,133,1,8,2,90824,2217,37.67,-123.48,2879,908.6,4.3259,34.385,2,-999,9,12.9,2,13,2,107.73,2,42.79,2,0.04,2,3.21,2,0.06,2,2360.4,2,2359.8,2,7.3743,2,25,48.842,2
  32PO20130829,WCOA13,133,1,9,2,90824,2223,37.67,-123.48,2879,807.7,4.5402,34.356,2,-999,9,12,2,12.2,2,103.47,2,42.27,2,0.04,2,3.18,2,0.01,2,2353.4,2,2353.3,2,7.3998,3,25,48.72,2
  32PO20130829,WCOA13,133,1,10,2,90824,2229,37.67,-123.48,2879,706.6,5.079,34.322,2,-999,9,11.5,2,11.6,2,94.77,2,41.27,2,0.06,2,3.15,2,0.07,2,2343.2,2,2339.2,2,7.4423,2,25,48.116,2
  32PO20130829,WCOA13,133,1,11,2,90824,2233,37.67,-123.48,2879,603.9,5.2944,34.249,2,34.2671,2,14.1,2,13.5,2,87.3,2,41.07,2,0.01,2,3.14,2,0,2,2330.6,2,2327.5,2,7.467,2,25,45.343,2
  32PO20130829,WCOA13,133,1,12,2,90824,2237,37.67,-123.48,2879,503.6,5.9872,34.242,2,-999,9,16.4,2,15.4,2,78.15,2,39.23,2,0.01,2,3.06,2,0,2,2318.2,6,2317.2,6,7.493,2,25,47.593,2
  32PO20130829,WCOA13,133,2,1,2,90824,2346,37.67,-123.48,2879,504.3,5.887,34.236,2,34.2565,2,15.9,2,17.9,2,79.13,2,39.57,2,0.01,2,3.05,2,0.01,2,2317.1,2,2316.8,2,7.3049,2,25,47.51,2
  32PO20130829,WCOA13,133,2,2,2,90824,2349,37.67,-123.48,2879,402.7,6.2274,34.136,2,-999,9,31.5,2,32.8,2,69.01,2,38.35,2,0.01,2,2.87,2,0.02,2,2296.7,2,2300.5,2,7.3185,2,25,48.427,2
  32PO20130829,WCOA13,133,2,3,2,90824,2353,37.67,-123.48,2879,302.6,6.8897,34.081,2,-999,9,49.4,2,50.8,2,56.61,2,35.98,2,0.02,2,2.68,2,0.02,2,2272.4,2,2284.5,2,7.3514,2,25,51.071,2
  32PO20130829,WCOA13,133,2,4,2,90824,2358,37.67,-123.48,2879,201.5,7.7473,34.044,2,34.0641,2,67,2,69.3,2,45.01,2,32.91,2,0.01,2,2.44,2,0.01,2,2243.2,2,2272.4,2,7.3931,3,25,55.472,2
  32PO20130829,WCOA13,133,2,5,2,90824,1,37.67,-123.48,2879,150.8,7.8549,33.94,2,-999,9,144.8,2,145,2,34.56,2,26.42,2,0.04,2,1.91,2,0.03,2,2185.3,2,2260.9,2,7.5453,2,25,74.677,2
  32PO20130829,WCOA13,133,2,6,2,90824,3,37.67,-123.48,2879,100.6,8.4291,33.795,2,-999,9,149.5,2,148.9,2,28.36,2,25.1,2,0.04,2,1.85,2,0.05,2,2173.4,2,2245.6,2,7.5414,2,25,73.817,2
  32PO20130829,WCOA13,133,2,7,2,90824,5,37.67,-123.48,2879,79.6,9.2303,33.713,2,-999,9,142.2,2,143.4,2,25.75,2,24.95,2,0.06,2,1.9,2,0.02,2,2176,2,2238.8,2,7.5216,2,25,70.111,2
  32PO20130829,WCOA13,133,2,8,2,90824,8,37.67,-123.48,2879,50.5,10.4315,33.649,2,-999,9,183.4,2,182.6,2,18.56,2,21.21,2,0.39,2,1.7,2,0.04,2,2151.6,2,2239.7,2,7.5921,2,25,79.304,2
  32PO20130829,WCOA13,133,2,9,2,90824,10,37.67,-123.48,2879,30.4,12.7236,33.61,2,-999,9,245.4,2,243.2,2,5,2,8.39,2,0.25,2,0.95,2,1.08,2,2076.2,2,2251.7,2,7.829,2,25,127.226,2
  32PO20130829,WCOA13,133,2,10,2,90824,11,37.67,-123.48,2879,20.3,15.3805,33.583,2,-999,9,261.3,2,261.9,2,2.55,2,4.83,2,0.14,2,0.64,2,0.16,2,2035.8,2,2250,2,7.8977,3,25,145.753,2
  32PO20130829,WCOA13,133,2,11,2,90824,13,37.67,-123.48,2879,10.1,15.8549,33.554,2,-999,9,260.3,2,261.5,2,2.54,2,4.71,2,0.13,2,0.63,2,0.09,2,2032.4,2,2247.6,2,7.9071,2,25,147.73,2
  32PO20130829,WCOA13,133,2,12,2,90824,15,37.67,-123.48,2879,3.2,16.2358,33.521,2,33.538,6,257.9,2,259.8,2,2.7,2,4.95,2,0.12,2,0.65,2,0.13,2,2034.1,2,2245.4,2,7.9021,2,25,147.688,2
  32PO20130829,WCOA13,120,1,1,2,90825,1442,37.94,-122.88,47,40.3,9.992,33.845,2,-999,9,75.8,2,-999,9,47.43,2,25.43,2,0.56,2,2.49,2,1.88,2,-999,9,-999,9,7.3678,2,25,53.391,2
  32PO20130829,WCOA13,120,1,2,2,90825,1442,37.94,-122.88,47,40.3,9.9922,33.845,2,33.8415,2,75.8,2,-999,5,49.55,2,26.46,2,0.59,2,2.63,2,1.86,2,2236.9,2,2252.7,2,7.3675,2,25,52.95,2
  32PO20130829,WCOA13,120,1,3,2,90825,1443,37.94,-122.88,47,30.1,10.4448,33.822,2,33.8277,2,88.8,2,-999,5,43.68,2,23.7,2,0.47,2,2.72,2,4.36,2,2232.2,2,2260.6,2,7.3965,2,25,56.163,2
  32PO20130829,WCOA13,120,1,4,2,90825,1446,37.94,-122.88,47,20.1,10.8626,33.763,2,-999,9,146.9,2,139.7,2,24.74,2,19.29,2,0.38,2,2.24,2,3.89,2,2185.7,2,2259.4,2,7.5417,2,25,74.411,2
  32PO20130829,WCOA13,120,1,5,2,90825,1448,37.94,-122.88,47,14.9,11.3289,33.747,2,33.7467,2,157.7,2,158.6,2,18.04,2,16.28,2,0.34,2,1.98,2,3.75,2,2164,2,2257.5,2,7.6045,2,25,83.991,2
  32PO20130829,WCOA13,120,1,6,2,90825,1450,37.94,-122.88,47,9.9,12.0479,33.7,2,-999,9,201.2,2,184.9,2,12.82,2,12.12,2,0.26,2,1.63,2,2.83,2,2136.5,2,2262.9,2,7.6889,2,25,-999,5
  32PO20130829,WCOA13,120,1,7,2,90825,1452,37.94,-122.88,47,3,14.7883,33.555,2,33.574,6,270,2,298.8,2,2.21,2,1.32,2,0.06,2,0.6,2,0.38,2,2010.2,2,2269.6,2,7.9919,2,25,173.497,2
  32PO20130829,WCOA13,120,1,8,2,90825,1452,37.94,-122.88,47,3,14.7821,33.557,2,-999,9,270,2,-999,9,1.88,2,1.09,2,0.05,2,0.57,2,0.31,2,-999,9,-999,9,-999,9,-999,-999,9
  32PO20130829,WCOA13,119,1,1,2,90825,1547,37.91,-122.95,68,60.5,9.7881,33.867,2,-999,9,82.9,2,-999,9,40.89,2,27.68,2,0.37,2,2.45,2,0.72,2,-999,9,-999,9,-999,9,-999,-999,9
  32PO20130829,WCOA13,119,1,2,2,90825,1547,37.91,-122.95,68,60.5,9.7893,33.867,2,33.8651,2,82.9,2,92.1,2,40.89,2,27.65,2,0.37,2,2.45,2,0.69,2,2223.7,2,2251,2,7.4062,2,25,56.106,2
  32PO20130829,WCOA13,119,1,3,2,90825,1551,37.91,-122.95,68,39.9,10.0113,33.787,2,33.7875,2,130.9,2,125.7,2,25.21,2,24.8,2,0.21,2,2.22,2,1.45,2,2196.7,2,2247.2,3,7.4754,2,25,64.424,2
  32PO20130829,WCOA13,119,1,4,2,90825,1553,37.91,-122.95,68,30,10.3256,33.79,2,33.7939,2,121.5,2,125.5,2,25.69,2,21.43,2,0.28,2,2.25,2,2.85,2,2196.1,2,2254,2,7.4954,4,25,67.769,2
  32PO20130829,WCOA13,119,1,5,2,90825,1555,37.91,-122.95,68,20,11.5545,33.766,2,-999,9,176.2,2,172.3,2,19.48,2,14.15,2,0.23,2,1.83,2,2.38,2,2150.5,2,2262.2,2,7.648,2,25,91.078,2
  32PO20130829,WCOA13,119,1,6,2,90825,1557,37.91,-122.95,68,15,12.5788,33.717,2,-999,9,249.5,2,218.7,2,9.03,2,6.95,2,0.12,2,1.32,2,1.59,2,2100.1,2,2266.3,2,7.7882,2,25,-999,9
  32PO20130829,WCOA13,119,1,7,2,90825,1559,37.91,-122.95,68,10.2,14.0475,33.629,2,-999,9,309.4,2,294.9,2,1.67,2,0.97,2,0.02,2,0.45,2,0.24,2,2001.7,2,2269,2,8.0082,2,25,191.379,2
  32PO20130829,WCOA13,119,1,8,2,90825,1600,37.91,-122.95,68,3.1,14.4848,33.653,2,33.6555,6,317.2,2,316.8,2,1.01,2,0.12,2,0.04,2,0.31,2,0.04,2,1980.9,2,2268,2,8.0504,3,25,181.743,2
  32PO20130829,WCOA13,119,1,9,2,90825,1600,37.91,-122.95,68,3.1,14.4842,33.653,2,-999,9,317.2,2,-999,9,0.69,2,0.12,2,0.02,2,0.32,2,0.09,2,-999,9,-999,9,-999,9,-999,-999,9
  32PO20130829,WCOA13,118,1,1,2,90825,1755,37.87,-123.06,89,80.8,9.6001,33.885,2,-999,9,92.1,2,-999,9,-999,9,-999,9,-999,9,-999,9,-999,9,-999,9,-999,9,-999,9,-999,-999,9
  32PO20130829,WCOA13,118,1,2,2,90825,1755,37.87,-123.06,89,80.8,9.6001,33.885,2,33.8867,2,92.1,2,94.1,2,38.6,2,28.09,2,0.22,2,2.34,2,0.04,2,2217.6,2,2250.7,2,7.4246,2,25,58.501,2
  32PO20130829,WCOA13,118,1,3,2,90825,1759,37.87,-123.06,89,60.7,9.8823,33.823,2,33.83,2,118.4,2,117.8,2,30.93,2,26.1,2,0.25,2,2.1,2,0.23,2,2197.2,2,2246.3,2,7.4779,2,25,64.53,2
  32PO20130829,WCOA13,118,1,4,2,90825,1801,37.87,-123.06,89,40.6,10.7094,33.652,2,-999,9,168.7,2,-999,9,-999,9,-999,9,-999,9,-999,9,-999,9,-999,9,-999,9,-999,9,-999,-999,9
  32PO20130829,WCOA13,118,1,5,2,90825,1801,37.87,-123.06,89,40.7,10.7041,33.653,2,-999,9,168.6,2,171.3,2,16.47,2,18.02,2,0.36,2,1.63,2,1.11,2,2153.3,2,2240.6,2,7.5913,2,25,80.067,2
  32PO20130829,WCOA13,118,1,6,2,90825,1803,37.87,-123.06,89,30.4,12.4129,33.549,2,-999,9,268.5,2,258.9,2,3.65,2,5.98,2,0.11,2,0.79,2,0.86,2,2052.2,2,2253.5,2,7.8737,2,25,144.763,2
  32PO20130829,WCOA13,118,1,7,2,90825,1806,37.87,-123.06,89,20.2,13.3301,33.527,2,33.5312,2,307.6,2,304.8,2,0.84,2,2.03,2,0.02,2,0.53,2,0.36,2,2004.9,2,2257,2,7.9786,2,25,166.343,2
  32PO20130829,WCOA13,118,1,8,2,90825,1807,37.87,-123.06,89,15.1,14.1543,33.627,2,-999,9,317.5,2,315.7,2,0.66,2,1.03,2,0.01,2,0.41,2,0.16,2,1993.4,2,2263.3,2,8.0106,2,25,174.181,3
  32PO20130829,WCOA13,118,1,9,2,90825,1809,37.87,-123.06,89,10.1,14.3988,33.613,2,-999,9,320.6,2,-999,9,-999,9,-999,9,-999,9,-999,9,-999,9,-999,9,-999,9,-999,9,-999,-999,9
  32PO20130829,WCOA13,118,1,10,2,90825,1809,37.87,-123.06,89,10.1,14.3879,33.613,2,-999,9,320.5,2,323.2,2,0.47,2,0.61,2,0,2,0.4,2,0.15,2,1979.2,2,2264.7,2,8.0418,2,25,181.01,2
  32PO20130829,WCOA13,118,1,11,2,90825,1811,37.87,-123.06,89,3.1,14.8557,33.603,2,33.5962,6,318.6,2,321.5,2,0.62,2,0.48,2,0,2,0.31,2,0.11,2,1971.7,2,2261.8,2,8.0485,2,25,190.655,2
  32PO20130829,WCOA13,118,1,12,2,90825,1811,37.87,-123.06,89,3.1,14.8442,33.604,2,-999,9,318.7,2,-999,9,0.76,2,0.5,2,0.02,2,0.33,2,0.11,2,-999,9,-999,9,-999,9,-999,-999,9
  32PO20130829,WCOA13,117,1,1,2,90825,2130,37.76,-123.27,546,500,-999,-999,9,-999,9,-999,9,24.6,2,74.32,2,39.82,2,0.05,2,3.03,2,0.07,2,2310.3,2,2309.5,2,0,0,-999,-999,5
  32PO20130829,WCOA13,117,1,2,2,90825,2132,37.76,-123.27,546,402.9,7.0737,34.198,2,34.1996,2,29.2,2,30.9,2,61.47,2,36.53,2,0.07,2,2.81,2,0.05,2,2290.4,2,2294.8,2,7.3275,2,25,49.356,2
  32PO20130829,WCOA13,117,1,3,2,90825,2136,37.76,-123.27,546,302.4,7.8752,34.144,2,-999,9,43,2,43.1,2,49.35,2,35.87,2,0.18,2,2.61,2,0.05,2,2268.3,2,2278.6,2,7.3473,2,25,50.717,2
  32PO20130829,WCOA13,117,1,4,2,90825,2139,37.76,-123.27,546,201.5,8.6421,33.982,2,-999,9,90.9,2,87.8,2,36.41,2,31.62,2,0.12,2,2.26,2,0.21,2,2222.9,2,2258.4,2,7.4326,2,25,60.44,2
  32PO20130829,WCOA13,117,1,5,2,90825,2142,37.76,-123.27,546,151,8.7385,33.956,2,-999,9,95.7,2,97.3,2,35.12,2,30.71,2,0.11,2,2.2,2,0.08,2,2214.1,2,2256.9,2,7.4466,2,25,63.26,2
  32PO20130829,WCOA13,117,1,6,2,90825,2145,37.76,-123.27,546,101.4,8.9072,33.913,2,33.9121,2,101,2,100.9,2,35.14,2,29.21,2,0.17,2,2.18,2,0.04,2,2210.7,2,2253.2,2,7.4475,2,25,61.42,2
  32PO20130829,WCOA13,117,1,7,2,90825,2147,37.76,-123.27,546,80.1,9.3648,33.848,2,-999,9,116.8,2,113.7,2,32.53,2,27.54,2,0.09,2,1.98,2,0.07,2,2201.6,2,2247.4,2,7.4611,2,25,62.698,2
  32PO20130829,WCOA13,117,1,8,2,90825,2150,37.76,-123.27,546,50.3,9.5279,33.517,2,-999,9,182.1,2,182.4,2,21.07,2,23.37,2,0.05,2,1.68,2,0.04,2,2142.5,2,2235.1,2,7.5909,2,25,79.804,2
  32PO20130829,WCOA13,117,1,9,2,90825,2153,37.76,-123.27,546,30.3,10.5483,33.253,2,-999,9,234.4,2,235.6,2,10.76,2,13.53,2,0.36,2,1.18,2,0.16,2,2083.9,2,2223,2,7.734,2,25,104.852,2
  32PO20130829,WCOA13,117,1,10,2,90825,2155,37.76,-123.27,546,20.5,13.5687,33.578,2,-999,9,257.5,2,253.2,2,5.36,2,9.19,2,0.27,2,0.87,2,0.43,2,2061.6,2,2243.7,2,7.837,2,25,128.926,2
  32PO20130829,WCOA13,117,1,11,2,90825,2157,37.76,-123.27,546,10.2,15.6671,33.627,2,-999,9,264.4,2,264.1,2,2.43,2,5.42,2,0.12,2,0.57,2,0.16,2,2029.9,2,2253.7,2,7.9209,2,25,168.099,2
  32PO20130829,WCOA13,117,1,12,2,90825,2159,37.76,-123.27,546,3.1,16.5321,33.642,2,33.6412,6,261.1,2,262.3,2,1.63,2,4.58,2,0.08,2,0.49,2,0.15,2,2023.5,2,2255,2,7.9403,6,25,162.351,2
  32PO20130829,WCOA13,116,1,1,2,90826,35,37.75,-123.31,1100,1009.7,3.9993,34.443,2,34.4444,6,17.4,2,18.2,2,116.03,2,42.31,2,0.01,2,3.22,2,0.06,2,2362.3,2,2372.3,2,7.3188,2,25,49.686,2
  32PO20130829,WCOA13,116,1,2,2,90826,42,37.75,-123.31,1100,756.4,4.9206,34.326,2,-999,9,11.4,2,11.6,2,93.91,2,40.4,2,0,2,3.13,2,0,2,2342.8,2,2345,2,7.2985,2,25,47.721,2
  32PO20130829,WCOA13,116,1,3,2,90826,48,37.75,-123.31,1100,503.5,6.1559,34.235,2,-999,9,19.1,2,19.1,2,73.58,2,38.51,2,0.01,2,2.99,2,0.01,2,2309.1,2,2314.5,2,7.3055,2,25,46.778,2
  32PO20130829,WCOA13,116,1,4,2,90826,54,37.75,-123.31,1100,302.8,7.82,34.18,2,-999,9,37.1,2,36.8,2,50.96,2,33.84,2,0.08,2,2.67,2,0.17,2,2272.1,2,2286.5,2,7.3434,2,25,50.587,2
  32PO20130829,WCOA13,116,1,5,2,90826,59,37.75,-123.31,1100,200.8,8.3808,34.072,2,-999,9,61.3,2,60.1,2,41.44,2,31.19,2,0.18,2,2.44,2,0.28,2,2246,2,2271,2,7.3784,2,25,53.691,2
  32PO20130829,WCOA13,116,1,6,2,90826,101,37.75,-123.31,1100,151.3,8.4485,33.998,2,-999,9,90.4,2,89.9,2,37.17,2,29.01,2,0.07,2,2.22,2,0.07,2,2220.3,2,2264.2,2,7.4384,3,25,60.618,2
  32PO20130829,WCOA13,116,1,7,2,90826,103,37.75,-123.31,1100,100.8,8.948,33.888,2,33.8848,2,107.4,2,106.4,2,30.92,2,29.78,2,0.02,2,2.07,2,0.06,2,2200.3,2,2251.4,2,7.4643,2,25,61.875,2
  32PO20130829,WCOA13,116,1,8,2,90826,106,37.75,-123.31,1100,80.6,9.2502,33.787,2,-999,9,123.9,2,124.1,2,27.46,2,29.6,2,0.02,2,1.96,2,0.02,2,2185.6,2,2247.1,2,7.4897,2,25,66.535,2
  32PO20130829,WCOA13,116,1,9,2,90826,107,37.75,-123.31,1100,50.3,9.4217,33.448,2,-999,9,196.2,2,194.1,2,20.24,2,21.78,2,0.04,2,1.59,2,0.02,2,2132.1,2,2231.3,2,7.6087,2,25,81.566,2
  32PO20130829,WCOA13,116,1,10,2,90826,109,37.75,-123.31,1100,30.5,11.5669,33.306,2,-999,9,247,2,247.5,2,7.43,2,11.28,2,0.32,2,1,2,0.61,2,2069.1,2,2234.6,2,7.7928,2,25,116.978,2
  32PO20130829,WCOA13,116,1,11,2,90826,111,37.75,-123.31,1100,20.1,14.6042,33.645,2,33.6347,2,269.2,2,265.1,2,2.16,2,6.04,2,0.12,2,0.58,2,0.23,2,2036,2,2258.9,2,7.9025,2,25,144.356,2
  32PO20130829,WCOA13,116,1,12,2,90826,113,37.75,-123.31,1100,3.2,16.1776,33.573,2,33.5726,2,265,2,261.2,2,2.63,2,6.21,2,0.1,2,0.59,2,0.23,2,2030.4,2,2252.7,2,7.9091,2,25,167.08,2
  32PO20130829,WCOA13,125,1,1,2,90826,1441,36.8,-121.85,303,251.3,7.5333,34.15,2,34.147,2,39.6,2,-999,5,58.48,2,34.48,2,0.13,2,2.7,2,0.21,2,2278.3,2,2293.2,2,7.3421,2,25,50.917,2
  32PO20130829,WCOA13,125,1,2,2,90826,1444,36.8,-121.85,303,202,7.7635,34.043,2,-999,9,48,2,48,2,40.35,3,24.57,3,0.14,3,2.1,3,0.24,3,2271.1,2,2290.1,2,7.3476,3,25,53.42,2
  32PO20130829,WCOA13,125,1,3,2,90826,1447,36.8,-121.85,303,151.3,8.488,33.928,2,34.0444,3,63.8,2,56.8,2,46.22,2,31.69,2,0.19,2,2.5,2,0.4,2,2254.3,2,2278.2,2,7.3649,3,25,54.435,2
  32PO20130829,WCOA13,125,1,4,2,90826,1452,36.8,-121.85,303,100.8,9.2775,33.951,2,-999,9,74.7,2,74.7,2,37.4,2,28.83,2,0.29,2,2.33,2,0.51,2,2230.5,2,2262.8,2,7.4016,2,25,56.586,2
  32PO20130829,WCOA13,125,1,5,2,90826,1455,36.8,-121.85,303,80.6,9.4981,33.924,2,-999,9,78.1,2,76.7,2,34.78,2,28.22,2,0.34,2,2.26,2,0.44,2,2224.9,2,2260.8,2,7.4045,2,25,56.904,2
  32PO20130829,WCOA13,125,1,6,2,90826,1459,36.8,-121.85,303,60.7,9.9776,33.834,2,33.8212,2,116.5,2,109.5,2,28.4,2,24.73,2,0.35,2,2.08,2,0.57,2,2197.6,2,2253.8,2,7.4759,2,25,64.794,2
  32PO20130829,WCOA13,125,1,7,2,90826,1501,36.8,-121.85,303,40.5,10.4059,33.769,2,-999,9,132.9,2,140.2,2,22.02,2,21.38,2,0.31,2,1.86,2,1.1,2,2172.8,2,2249.9,2,7.5437,2,25,74.39,2
  32PO20130829,WCOA13,125,1,8,2,90826,1504,36.8,-121.85,303,30.3,11.0203,33.748,2,-999,9,135.3,2,170,2,16.95,2,16.93,2,0.28,2,1.68,2,2.25,2,2152.4,2,2251.9,2,7.6151,2,25,87.727,2
  32PO20130829,WCOA13,125,1,9,2,90826,1508,36.8,-121.85,303,20.1,11.7279,33.742,2,-999,9,183.7,2,209,2,10.57,2,11.74,2,0.2,2,1.42,2,2.12,2,2119.7,2,2260.2,2,7.7151,2,25,104.725,2
  32PO20130829,WCOA13,125,1,10,2,90826,1511,36.8,-121.85,303,15.2,11.8684,33.735,2,-999,9,203.9,2,220.9,2,8.93,2,10.5,2,0.21,2,1.34,2,1.87,2,2109.7,2,2259.3,2,7.746,2,25,107.907,2
  32PO20130829,WCOA13,125,1,11,2,90826,1513,36.8,-121.85,303,10,13.4323,33.471,2,-999,9,295.5,2,279.2,2,2.72,2,3.28,2,0.06,2,0.6,2,0.91,2,2041.3,2,2262.3,2,7.9088,2,25,153.701,2
  32PO20130829,WCOA13,125,1,12,2,90826,1516,36.8,-121.85,303,2.9,14.3542,33.712,2,33.7142,6,295.1,2,300.2,2,1.24,2,0.59,2,0.05,2,0.32,2,1.35,2,2010.5,2,2264.7,2,7.9676,2,25,-999,5
  32PO20130829,WCOA13,124,1,1,2,90826,1645,36.78,-121.87,150,148.4,9.1183,33.981,2,33.9828,2,67.7,2,67,2,39.23,2,29.94,2,0.22,2,2.36,2,0.4,2,2238.8,2,2271.3,2,7.3867,2,25,121.679,3
  32PO20130829,WCOA13,124,1,2,2,90826,1647,36.78,-121.87,150,131.2,9.5312,33.918,2,-999,9,77.6,2,80.2,2,34.83,2,28.01,2,0.32,2,2.28,2,0.59,2,2224,2,2262.2,2,7.4098,2,25,164.992,4
  32PO20130829,WCOA13,124,1,3,2,90826,1649,36.78,-121.87,150,111.3,9.6845,33.89,2,33.888,2,87,2,86.6,2,33.21,2,27.23,2,0.36,2,2.23,2,0.52,2,2215.9,2,2258.7,2,7.4254,2,25,187.933,3
  32PO20130829,WCOA13,124,1,4,2,90826,1651,36.78,-121.87,150,100.8,9.7005,33.887,2,-999,9,89.2,2,89,2,32.57,2,26.7,2,0.35,2,2.2,2,0.49,2,2217.6,2,2266.2,2,7.4284,2,25,54.534,2
  32PO20130829,WCOA13,124,1,5,2,90826,1653,36.78,-121.87,150,80.4,10.0133,33.828,2,-999,9,111.8,2,109.6,2,28.82,2,24.65,2,0.35,2,2.1,2,0.66,2,2197.6,2,2254.4,2,7.4765,2,25,59.98,2
  32PO20130829,WCOA13,124,1,6,2,90826,1656,36.78,-121.87,150,60.2,10.4954,33.787,2,-999,9,136.4,2,135.2,2,22.79,2,22.2,2,0.39,2,1.98,2,0.92,2,2177.6,2,2251.2,2,7.5301,2,25,58.135,2
  32PO20130829,WCOA13,124,1,7,2,90826,1658,36.78,-121.87,150,40.5,10.577,33.773,2,33.7625,2,143.8,2,150.6,2,21.17,2,19.45,2,0.31,2,1.84,2,1.76,2,2167,2,2255.3,2,7.5702,2,25,58.457,2
  32PO20130829,WCOA13,124,1,8,2,90826,1700,36.78,-121.87,150,30.3,11.3482,33.762,2,-999,9,196.2,2,194.7,2,14.32,2,13.97,2,0.25,2,1.56,2,2.29,2,2135.2,2,2253.1,2,7.6752,2,25,64.258,2
  32PO20130829,WCOA13,124,1,9,2,90826,1701,36.78,-121.87,150,20.4,11.6734,33.748,2,-999,9,212.9,2,208,2,11.88,2,12.42,2,0.23,2,1.48,2,1.89,2,2119.6,2,2255.6,2,7.7159,2,25,69.857,2
  32PO20130829,WCOA13,124,1,10,2,90826,1703,36.78,-121.87,150,14.9,12.1705,33.742,2,-999,9,226.6,2,227.4,2,9.28,2,10.21,2,0.18,2,1.31,2,1.38,2,2099,2,2260.3,2,7.7736,2,25,77.712,2
  32PO20130829,WCOA13,124,1,11,2,90826,1704,36.78,-121.87,150,10.1,14.5794,33.741,2,-999,9,316.4,2,284.4,2,4.06,2,3.5,2,0.05,2,0.67,2,0.5,2,2025.6,2,2267.6,2,7.9403,3,25,96.963,3
  32PO20130829,WCOA13,124,1,12,2,90826,1706,36.78,-121.87,150,3.2,14.6779,33.743,2,33.7398,6,318.2,2,318.1,2,0.81,2,0.09,2,0,2,0.32,2,0.07,2,1981.8,2,2265.2,2,8.0346,2,25,105.056,2
  32PO20130829,WCOA13,123,1,2,2,90826,1749,36.76,-121.93,98,91,9.642,33.896,2,33.8912,2,88,2,92.2,2,32.4,2,27.28,2,0.19,2,2.2,2,0.06,2,2211.2,2,2258.1,2,7.4361,2,25,60.245,2
  32PO20130829,WCOA13,123,1,3,2,90826,1751,36.76,-121.93,98,80.3,9.6807,33.873,2,-999,9,100.2,2,100,2,29.78,2,26.65,2,0.05,2,2.12,2,0.01,2,2202.5,2,2254.7,2,7.4611,2,25,62.606,2
  32PO20130829,WCOA13,123,1,4,2,90826,1753,36.76,-121.93,98,60.4,9.7756,33.856,2,33.8534,2,104.7,2,104.2,2,28.3,2,26.06,2,0.03,2,2.08,2,0,2,2196.4,2,2255.3,2,7.4719,2,25,63.944,2
  32PO20130829,WCOA13,123,1,5,2,90826,1755,36.76,-121.93,98,50.3,9.7922,33.854,2,-999,9,106.4,2,105.3,2,27.96,2,25.94,2,0.06,2,2.08,2,0.04,2,2196.5,2,2255.6,2,7.4725,2,25,64.773,2
  32PO20130829,WCOA13,123,1,6,2,90826,1757,36.76,-121.93,98,40.1,9.9524,33.811,2,-999,9,120.3,2,119.4,2,26.16,2,24.63,2,0.13,2,1.99,2,0.14,2,2184.7,2,2254.3,2,7.4985,2,25,67.737,2
  32PO20130829,WCOA13,123,1,7,2,90826,1759,36.76,-121.93,98,30.3,10.3643,33.765,2,-999,9,140,2,139.1,2,21.74,2,22.33,2,0.2,2,1.89,2,0.41,2,2171.4,2,2248.7,2,7.5379,2,25,73.4,2
  32PO20130829,WCOA13,123,1,8,2,90826,1801,36.76,-121.93,98,20.1,10.9713,33.735,2,33.7355,2,154.1,2,158.3,2,18.3,2,19.21,2,0.26,2,1.79,2,1.16,2,2156.8,2,2250.4,2,7.5882,2,25,79.484,2
  32PO20130829,WCOA13,123,1,9,2,90826,1802,36.76,-121.93,98,15,12.2073,33.754,2,-999,9,211.4,2,175.7,2,13.06,2,14.62,2,0.22,2,1.56,2,1.35,2,2135.2,2,2258.5,2,7.6548,2,25,92.35,3
  32PO20130829,WCOA13,123,1,10,2,90826,1803,36.76,-121.93,98,9.8,13.2673,33.761,2,-999,9,237,2,239.5,2,4.37,2,6.06,2,0.2,2,0.98,2,0.72,2,2064.5,2,2265.2,2,7.8498,4,25,136.883,2
  32PO20130829,WCOA13,123,1,11,2,90826,1805,36.76,-121.93,98,3.1,14.5084,33.764,2,33.7639,6,238,2,301.8,2,0.83,2,0.3,2,0.12,2,0.5,2,0.1,2,2005.8,2,2250.4,2,8.0073,2,25,175.853,3
  32PO20130829,WCOA13,122,1,1,2,90826,1920,36.73,-121.97,121,111,9.0343,33.971,2,-999,9,94.3,2,-999,9,-999,9,-999,9,-999,9,-999,9,-999,9,-999,9,-999,9,-999,9,-999,-999,9
  32PO20130829,WCOA13,122,1,2,2,90826,1920,36.73,-121.97,121,111,9.033,33.973,2,33.9586,2,94.3,2,94.4,2,33.08,2,28.09,2,0.08,2,2.18,2,0.01,2,2211.7,2,2262.9,2,7.4507,3,25,63.812,2
  32PO20130829,WCOA13,122,1,3,2,90826,1923,36.73,-121.97,121,100.8,9.3517,33.938,2,-999,9,88.4,2,89.4,2,33.05,2,27.91,2,0.06,2,2.21,2,0.03,2,2212.7,2,2260.2,2,7.4397,2,25,60.219,2
  32PO20130829,WCOA13,122,1,4,2,90826,1925,36.73,-121.97,121,80.5,9.4523,33.887,2,-999,9,104.1,2,101.5,2,29.87,2,26.71,2,0.08,2,2.11,2,0.06,2,2201.2,2,2252.2,2,7.4662,2,25,62.521,2
  32PO20130829,WCOA13,122,1,5,2,90826,1928,36.73,-121.97,121,60.4,9.6466,33.835,2,33.8328,2,114.7,2,114.1,2,27.02,2,25.43,2,0.13,2,2.03,2,0.05,2,2190.4,2,2247.2,2,7.4885,2,25,67.142,2
  32PO20130829,WCOA13,122,1,6,2,90826,1928,36.73,-121.97,121,60.5,9.6469,33.835,2,-999,9,114.7,2,-999,9,-999,9,-999,9,-999,9,-999,9,-999,9,-999,9,-999,9,-999,9,-999,-999,9
  32PO20130829,WCOA13,122,1,7,2,90826,1930,36.73,-121.97,121,40.3,10.4454,33.795,2,-999,9,131.3,2,127.8,2,23.34,2,23.07,2,0.38,2,2.02,2,0.72,2,2180.6,2,2247.6,2,7.5141,2,25,69.808,2
  32PO20130829,WCOA13,122,1,8,2,90826,1931,36.73,-121.97,121,30.3,11.0866,33.769,2,-999,9,153.2,2,147.1,2,18.82,2,19.65,2,0.39,2,1.89,2,1.75,2,2166.2,2,2253.9,2,7.5701,2,25,76.72,2
  32PO20130829,WCOA13,122,1,9,2,90826,1933,36.73,-121.97,121,20.2,12.9014,33.759,2,-999,9,228,2,198,2,9.31,2,11.17,2,0.23,2,1.32,2,1.59,2,2113.2,2,2256.9,2,7.7352,2,25,104.722,3
  32PO20130829,WCOA13,122,1,10,2,90826,1934,36.73,-121.97,121,15.2,14.4357,33.73,2,33.7363,2,303.8,2,281.6,2,2.29,2,2.38,2,0.08,2,0.6,2,0.43,2,2025.5,2,2264.3,2,7.951,2,25,177.706,2
  32PO20130829,WCOA13,122,1,11,4,90826,1936,36.73,-121.97,121,10.1,14.6662,33.73,2,-999,9,314.8,2,-999,9,-999,9,-999,9,-999,9,-999,9,-999,9,-999,9,-999,9,-999,9,-999,-999,9
  32PO20130829,WCOA13,122,1,12,2,90826,1937,36.73,-121.97,121,2.9,14.9342,33.729,2,33.7278,6,312.5,2,312.3,2,0.75,2,-0.08,2,0.06,2,0.36,2,0.06,2,1986.6,2,2265.2,2,8.0248,3,25,179.593,2
  32PO20130829,WCOA13,121,1,1,2,90826,2045,36.71,-122.02,1262,1008.8,3.9986,34.448,2,34.4444,6,23.7,2,24.7,2,114.58,2,41.82,2,0.05,2,3.16,2,0.01,2,2358.9,2,2370.6,2,7.3306,2,25,50.367,2
  32PO20130829,WCOA13,121,1,2,2,90826,2051,36.71,-122.02,1262,756.2,4.7614,34.381,2,-999,9,15.2,2,17.7,2,99.51,2,41.2,2,0.03,2,3.17,2,0.02,2,2346.7,2,2356.2,2,7.3145,2,25,49.491,2
  32PO20130829,WCOA13,121,1,3,2,90826,2059,36.71,-122.02,1262,504,6.1546,34.257,2,-999,9,17.8,2,18,2,76.68,2,38.52,2,0.02,2,3,2,0.03,2,2312.4,2,2315,2,7.31,2,25,48.171,2
  32PO20130829,WCOA13,121,1,4,2,90826,2105,36.71,-122.02,1262,302.2,7.7492,34.129,2,34.1459,2,46.1,2,43.1,2,-999,9,-999,9,-999,9,-999,9,-999,9,2267,2,2283.8,2,7.3504,2,25,51.573,2
  32PO20130829,WCOA13,121,1,5,2,90826,2109,36.71,-122.02,1262,201.7,8.6686,34.083,2,-999,9,64.7,2,58.1,2,41.62,2,31.24,2,0.04,2,2.46,2,0.03,2,2244.1,2,-999,5,7.3835,2,25,54.455,2
  32PO20130829,WCOA13,121,1,6,2,90826,2113,36.71,-122.02,1262,100.7,9.5505,33.897,2,-999,9,96.9,2,96,2,29.87,2,27.19,2,0.2,2,2.18,2,0.08,2,2205.6,2,2255.5,2,7.4566,2,25,62.075,2
  32PO20130829,WCOA13,121,1,7,2,90826,2115,36.71,-122.02,1262,81.2,9.8686,33.857,2,-999,9,106.6,2,103.4,2,28.92,2,26.14,2,0.11,2,2.14,2,0.03,2,2198.7,2,2250.9,2,7.4661,2,25,63.8,2
  32PO20130829,WCOA13,121,1,8,2,90826,2117,36.71,-122.02,1262,60.1,10.4438,33.798,2,-999,9,132.3,2,130.3,2,23.33,2,22.55,2,0.36,2,2.06,2,0.98,2,2180.1,2,2251.4,2,7.5232,2,25,70.676,2
  32PO20130829,WCOA13,121,1,9,2,90826,2119,36.71,-122.02,1262,30.2,12.5103,33.669,2,-999,9,249.5,2,241.8,2,5.78,2,8.99,2,0.26,2,1.09,2,1.05,2,2086.9,2,2254.1,2,7.7937,3,25,119.369,2
  32PO20130829,WCOA13,121,1,10,2,90826,2121,36.71,-122.02,1262,20.2,12.8682,33.658,2,-999,9,262.8,2,262.9,2,3.09,2,6.58,2,0.21,2,0.9,2,0.6,2,2063.5,2,2255.7,2,7.8553,2,25,131.004,2
  32PO20130829,WCOA13,121,1,11,2,90826,2123,36.71,-122.02,1262,9.8,13.9828,33.738,2,33.7279,2,313.4,2,315.7,2,2.88,2,0.91,2,0.07,2,0.62,2,0.11,2,1999.8,2,2271.4,2,8.0042,2,25,181.424,3
  32PO20130829,WCOA13,121,1,12,2,90826,2125,36.71,-122.02,1262,3.1,14.0555,33.74,2,-999,9,315.4,2,326.5,2,1.93,2,0.13,2,0.06,2,0.55,2,0.08,2,1986.5,2,2266.5,2,8.03,2,25,178.604,2
  32PO20130829,WCOA13,127,1,1,2,90827,43,36.69,-122.06,1762,1720.3,2.2591,34.598,2,34.5958,2,71.1,2,70.2,6,148.14,2,40.52,2,0.06,2,2.97,2,0.02,2,2373.5,2,2417.7,2,7.4302,2,25,61.685,2
  32PO20130829,WCOA13,127,1,2,2,90827,49,36.69,-122.06,1762,1514.7,2.6712,34.563,2,-999,9,53.7,2,53.5,2,137.7,2,41.39,2,0.06,2,3.05,2,0,2,2372.2,2,2407.3,2,7.3947,2,25,59.756,2
  32PO20130829,WCOA13,127,1,3,2,90827,56,36.69,-122.06,1762,1261.6,3.1869,34.519,2,-999,9,36.4,2,36.8,2,128.95,2,42.17,2,0.05,2,3.13,2,0.01,2,2371.6,2,2392.9,2,7.3602,2,25,55.518,2
  32PO20130829,WCOA13,127,1,4,2,90827,102,36.69,-122.06,1762,1009.5,4.0525,34.444,2,-999,9,18.3,2,18.8,2,113.96,2,42.62,2,0,2,3.21,2,0.01,2,2362.2,2,2371.3,2,7.3235,2,25,50.748,2
  32PO20130829,WCOA13,127,1,5,2,90827,106,36.69,-122.06,1762,906.9,4.3123,34.418,2,-999,9,15,2,14.5,2,109.83,2,42.55,2,0.01,2,3.18,2,0.03,2,2356.4,2,2363.6,2,7.3142,2,25,49.587,2
  32PO20130829,WCOA13,127,1,6,2,90827,109,36.69,-122.06,1762,806.8,4.7719,34.38,2,-999,9,12.1,2,12.4,2,99.46,2,41.86,2,0.01,2,3.2,2,0.02,2,2345.3,2,2355,2,7.3061,2,25,48.446,2
  32PO20130829,WCOA13,127,1,7,2,90827,113,36.69,-122.06,1762,704.9,5.2639,34.331,2,34.3272,2,12.2,2,12.1,2,89.92,2,40.82,2,0.01,2,3.16,2,0,2,2331.9,2,2340.9,2,7.305,2,25,48.155,2
  32PO20130829,WCOA13,127,1,8,2,90827,116,36.69,-122.06,1762,604.8,5.8179,34.285,2,-999,9,15,2,14.3,2,79.73,2,39.46,2,0.01,2,3.09,2,0.01,2,2320.7,2,2326.2,2,7.3044,2,25,47.671,2
  32PO20130829,WCOA13,127,1,9,2,90827,120,36.69,-122.06,1762,504.7,6.439,34.236,2,-999,9,21.3,2,20.4,2,69.39,2,37.89,2,0.01,2,2.98,2,0.04,2,2303,2,2309.6,2,7.3134,2,25,49.263,2
  32PO20130829,WCOA13,127,1,10,2,90827,123,36.69,-122.06,1762,403.1,7.195,34.2,2,-999,9,31.6,2,30.6,2,59.55,2,35.86,2,0.01,2,2.83,2,0.01,2,2282.6,2,2302.3,2,7.3312,2,25,50.264,2
  32PO20130829,WCOA13,127,1,11,2,90827,126,36.69,-122.06,1762,302.2,8.0213,34.146,2,-999,9,48.1,2,47.1,2,48.42,2,33.19,2,0.14,2,2.6,2,0.01,2,2259.7,2,2279.6,2,7.3631,2,25,53.197,2
  32PO20130829,WCOA13,127,1,12,2,90827,130,36.69,-122.06,1762,201.3,8.8754,34.053,2,34.0466,2,70.9,2,70.1,2,37.74,2,29.86,2,0.08,2,2.34,2,0,2,2229.6,2,2266.2,2,7.4136,2,25,58.743,2
  32PO20130829,WCOA13,127,2,1,2,90827,218,36.69,-122.06,1762,201,8.8786,34.051,2,-999,9,71,2,71.5,2,37.57,2,29.93,2,0.06,2,2.35,2,0.01,2,2230.5,2,2267,2,7.4128,2,25,58.283,3
  32PO20130829,WCOA13,127,2,2,2,90827,220,36.69,-122.06,1762,150.9,9.2721,33.958,2,33.953,2,86.6,2,89.4,2,33.36,2,28.08,2,0.04,2,2.24,2,0.02,2,2213.5,2,2261.7,2,7.4428,2,25,60.868,2
  32PO20130829,WCOA13,127,2,3,2,90827,223,36.69,-122.06,1762,101.2,9.6566,33.877,2,-999,9,100.6,2,99.8,2,29.96,2,26.57,2,0.04,2,2.14,2,0.02,2,2199.9,2,2258.3,2,7.4654,2,25,63.603,2
  32PO20130829,WCOA13,127,2,4,2,90827,224,36.69,-122.06,1762,81.4,9.9515,33.839,2,-999,9,110,2,109.7,2,27.69,2,25.44,2,0.07,2,2.09,2,0.01,2,2191.9,2,2253,2,7.4836,2,25,68.278,3
  32PO20130829,WCOA13,127,2,5,2,90827,226,36.69,-122.06,1762,60.3,10.4262,33.791,2,-999,9,137.5,2,133.8,2,23.96,2,22.8,2,0.37,2,1.98,2,0.54,2,2177,2,2249.6,2,7.525,2,25,71.348,2
  32PO20130829,WCOA13,127,2,6,2,90827,228,36.69,-122.06,1762,42.1,10.986,33.737,2,-999,9,163.7,2,163.1,2,18.78,2,18.88,2,0.34,2,1.83,2,1.77,2,2156,2,2251.2,2,7.5907,2,25,82.841,2
  32PO20130829,WCOA13,127,2,7,2,90827,230,36.69,-122.06,1762,30.1,12.0688,33.65,2,-999,9,222.5,2,218.2,6,8.73,2,11.97,2,0.25,2,1.28,2,1.44,2,2106,2,2251.5,2,7.7264,2,25,105.172,2
  32PO20130829,WCOA13,127,2,8,2,90827,231,36.69,-122.06,1762,20.5,13.4384,33.622,2,33.6227,2,255.3,2,250.3,2,4.35,2,8.01,2,0.19,2,0.95,2,0.72,2,2067.8,2,2254.7,2,7.8317,2,25,127.705,2
  32PO20130829,WCOA13,127,2,9,2,90827,233,36.69,-122.06,1762,10.4,13.5938,33.62,2,-999,9,256.5,2,254.7,2,3.37,2,7.08,2,0.18,2,0.84,2,0.58,2,2062.2,2,2256.2,2,7.8467,2,25,132.09,2
  32PO20130829,WCOA13,127,2,10,2,90827,234,36.69,-122.06,1762,3,13.5943,33.622,2,33.6198,6,256.2,2,-999,9,3.52,2,7.28,2,0.18,2,0.85,2,0.57,2,2061.8,2,2254.4,2,7.8453,2,25,132.429,2
  32PO20130829,WCOA13,126,1,1,2,90827,1623,36.52,-122.43,2200,2026,1.9523,34.604,2,34.6199,6,81.6,2,81.3,2,148.96,2,40.31,2,0.03,2,2.89,2,0.03,2,2376.3,2,2427.7,2,7.4503,2,25,67.506,2
  32PO20130829,WCOA13,126,1,2,2,90827,1631,36.52,-122.43,2200,1770.9,2.2628,34.573,2,-999,9,62.5,2,62.7,2,155.92,2,41.06,2,0.04,2,2.95,2,0.02,2,-999,9,-999,9,7.4111,2,25,61.549,2
  32PO20130829,WCOA13,126,1,3,2,90827,1639,36.52,-122.43,2200,1517.9,2.8349,34.527,2,-999,9,42.8,2,43.1,2,141.2,2,42.65,2,0.01,2,3.1,2,0,2,2376.9,2,2404.5,2,7.3703,2,25,55.828,2
  32PO20130829,WCOA13,126,1,4,2,90827,1647,36.52,-122.43,2200,1264.4,3.2548,34.49,2,-999,9,30.9,2,31.4,2,128.42,2,43.05,2,0.01,2,3.15,2,0.02,2,-999,9,-999,9,7.3484,2,25,51.811,2
  32PO20130829,WCOA13,126,1,5,2,90827,1654,36.52,-122.43,2200,1011.3,3.9423,34.436,2,-999,9,19.7,2,19.6,2,112.89,2,42.83,2,0.02,2,3.22,2,0.01,2,2362.5,2,2377.3,2,7.3252,2,25,50.841,2
  32PO20130829,WCOA13,126,1,6,2,90827,1657,36.52,-122.43,2200,908.7,4.2856,34.407,2,-999,9,15.5,2,15.7,2,107.55,2,42.68,2,0,2,3.23,2,0.02,2,-999,9,-999,9,7.3163,2,25,51.358,2
  32PO20130829,WCOA13,126,1,7,2,90827,1700,36.52,-122.43,2200,808.3,4.6192,34.376,2,-999,9,13.4,2,13.4,2,100.26,2,42.2,2,0.01,2,3.22,2,0.02,2,-999,9,-999,9,7.3107,2,25,49.009,2
  32PO20130829,WCOA13,126,1,8,2,90827,1703,36.52,-122.43,2200,706.8,5.1625,34.326,2,-999,9,11.7,2,11.5,2,90.55,2,41.32,2,0,2,3.2,2,0.02,2,2336.8,2,2340.3,2,7.3042,2,25,47.804,2
  32PO20130829,WCOA13,126,1,9,2,90827,1706,36.52,-122.43,2200,605.1,5.6357,34.272,2,-999,9,13.9,2,13.8,2,83.26,2,40.13,2,0,2,3.14,2,0.01,2,-999,9,-999,9,7.3032,2,25,47.763,2
  32PO20130829,WCOA13,126,1,10,2,90827,1709,36.52,-122.43,2200,504.6,6.0765,34.183,2,-999,9,23.9,2,23.7,2,71.93,2,38.98,2,0,2,2.98,2,0,2,2304.2,2,2313.5,3,7.3099,2,25,47.898,2
  32PO20130829,WCOA13,126,1,11,2,90827,1713,36.52,-122.43,2200,403.5,6.9573,34.202,2,34.2154,2,29.3,2,28.6,2,61.88,2,36.43,2,0,2,2.87,2,0.02,2,2289,2,2302,2,7.3312,2,25,49.846,2
  32PO20130829,WCOA13,126,1,12,2,90827,1716,36.52,-122.43,2200,302.3,8.0124,29.385,2,-999,9,46.1,2,46.3,2,47.78,2,33.21,2,0,2,2.62,2,0.05,2,2261.6,2,2287.5,2,7.3773,2,25,26.879,3
  32PO20130829,WCOA13,126,2,1,2,90827,1811,36.52,-122.43,2200,301.5,8.0818,34.154,2,34.1686,2,47.4,2,48.3,2,46.81,2,33.04,2,0,2,2.61,2,0.02,2,2260.4,2,2286.6,2,7.3702,2,25,53.05,2
  32PO20130829,WCOA13,126,2,2,2,90827,1815,36.52,-122.43,2200,201.8,8.8597,34.075,2,-999,9,66.5,2,66.3,2,38.38,2,30.28,2,0.01,2,2.41,2,0.09,2,2236.9,2,2270,2,7.4063,2,25,58.924,3
  32PO20130829,WCOA13,126,2,3,2,90827,1817,36.52,-122.43,2200,152.2,9.2333,34.008,2,-999,9,77,2,77.9,2,34.16,2,28.65,2,0.02,2,2.3,2,0.04,2,2223.4,2,2261.7,2,7.4296,2,25,59.735,2
  32PO20130829,WCOA13,126,2,4,2,90827,1819,36.52,-122.43,2200,101.5,9.6254,33.9,2,-999,9,94.7,2,93.1,2,30.27,2,26.94,2,0.02,2,2.17,2,0.01,2,2206.6,2,2257.4,2,7.4576,2,25,62.677,2
  32PO20130829,WCOA13,126,2,5,2,90827,1821,36.52,-122.43,2200,81,9.7359,33.868,2,-999,9,97.6,2,96.1,2,28.8,2,26.35,2,0.03,2,2.13,2,0.02,2,2201.2,2,2250.2,2,7.4663,2,25,63.448,2
  32PO20130829,WCOA13,126,2,6,2,90827,1823,36.52,-122.43,2200,60.8,9.9387,33.825,2,-999,9,114.4,2,103.1,2,26.69,2,25.16,2,0.07,2,2.05,2,0.04,2,2196.7,2,2250.7,2,7.4781,2,25,64.743,2
  32PO20130829,WCOA13,126,2,7,2,90827,1824,36.52,-122.43,2200,39.7,11.4254,33.677,2,-999,9,183.8,2,165.3,2,15.49,2,17.77,2,0.3,2,1.66,2,1.01,2,2145.6,2,2244.7,2,7.619,3,25,86.976,2
  32PO20130829,WCOA13,126,2,8,2,90827,1826,36.52,-122.43,2200,30.4,12.3555,33.657,2,33.6709,2,231.3,2,218.6,2,8.29,2,11.11,2,0.24,2,1.27,2,1.45,2,2103.5,2,2251.8,2,7.7503,2,25,99.988,4
  32PO20130829,WCOA13,126,2,9,2,90827,1827,36.52,-122.43,2200,20.1,13.1409,33.681,2,-999,9,265.7,2,262.7,2,2.76,2,4.61,2,0.11,2,0.87,2,1.38,2,2060.5,2,2254.9,2,7.8686,2,25,139.713,2
  32PO20130829,WCOA13,126,2,10,2,90827,1828,36.52,-122.43,2200,10.2,13.9528,33.65,2,-999,9,293.9,2,293,2,1.46,2,1.05,2,0.11,2,0.65,2,0.2,2,2022.9,2,2261.8,2,7.943,3,25,160.128,2
  32PO20130829,WCOA13,126,2,11,2,90827,1830,36.52,-122.43,2200,2.8,14.0629,33.649,2,33.663,2,294.3,2,297.1,2,1.13,2,0.88,2,0.13,2,0.59,2,0.14,2,2019.1,2,2261.5,2,7.9612,2,25,159.737,2
  32PO20130829,WCOA13,128,1,1,2,90827,2208,36.7,-122.39,1780,1720.6,2.3842,34.545,2,34.5803,6,58.2,2,59,2,154.27,2,41.41,2,-0.01,2,3,2,0.03,2,-999,9,-999,9,7.4034,3,25,61.072,2
  32PO20130829,WCOA13,128,1,2,2,90827,2214,36.7,-122.39,1780,1517.9,2.7129,34.519,2,-999,9,46.9,2,47.8,2,144.22,2,41.62,2,0,2,3.06,2,0.04,2,-999,9,-999,9,7.381,2,25,56.927,2
  32PO20130829,WCOA13,128,1,3,2,90827,2222,36.7,-122.39,1780,1263.5,3.2036,34.477,2,-999,9,32.7,2,33.3,2,128.67,2,42.66,2,0,2,3.12,2,0,2,-999,9,-999,9,7.3532,2,25,54.056,2
  32PO20130829,WCOA13,128,1,4,2,90827,2229,36.7,-122.39,1780,1008.4,4.0059,34.404,2,-999,9,17.3,2,18.3,2,111,2,42.83,2,0,2,3.18,2,0.03,2,-999,9,-999,9,7.3196,3,25,49.794,2
  32PO20130829,WCOA13,128,1,5,2,90827,2232,36.7,-122.39,1780,908,4.4801,34.372,2,-999,9,14.4,2,14.8,2,106.46,2,42.15,2,0.01,2,3.19,2,0.06,2,-999,9,-999,9,7.3134,2,25,49.577,2
  32PO20130829,WCOA13,128,1,6,2,90827,2235,36.7,-122.39,1780,806.7,4.778,34.344,2,-999,9,12.2,2,12.2,2,96.73,2,41.7,2,0,2,3.18,2,0.02,2,-999,9,-999,9,7.3086,2,25,48.714,2
  32PO20130829,WCOA13,128,1,7,2,90827,2239,36.7,-122.39,1780,706,5.0635,34.285,2,-999,9,11.7,2,11.5,2,89.11,2,41.29,2,0,2,3.14,2,0.02,2,-999,9,-999,9,7.2977,2,25,47.634,2
  32PO20130829,WCOA13,128,1,8,2,90827,2242,36.7,-122.39,1780,606.2,5.5304,34.191,2,-999,9,18.2,2,18,2,79.38,2,40.16,2,0,2,3.04,2,0.04,2,-999,9,-999,9,7.2979,2,25,46.133,2
  32PO20130829,WCOA13,128,1,9,2,90827,2245,36.7,-122.39,1780,503.6,6.1348,34.152,2,-999,9,25.6,2,25,2,70.78,2,38.7,2,0.02,2,2.92,2,0.03,2,-999,9,-999,9,7.3102,3,25,46.529,2
  32PO20130829,WCOA13,128,1,10,2,90827,2249,36.7,-122.39,1780,403.7,6.713,34.08,2,-999,9,42.5,2,43.2,2,59.26,2,36.48,2,0.02,2,2.72,2,0.04,2,-999,9,-999,9,7.3379,3,25,50.231,2
  32PO20130829,WCOA13,128,1,11,2,90827,2252,36.7,-122.39,1780,303.2,7.5843,34.066,2,34.1007,2,57.7,2,55.3,2,48.23,2,33.66,2,0.05,2,2.55,2,0.03,2,2258.2,2,2282.2,2,7.3671,2,25,53.876,2
  32PO20130829,WCOA13,128,1,12,2,90827,2255,36.7,-122.39,1780,201.5,8.6501,34.042,2,-999,9,66.2,2,64.7,2,38.48,2,30.69,2,0.07,2,2.39,2,0.05,2,2240.5,2,2277.6,2,7.4004,2,25,57.374,2
  32PO20130829,WCOA13,128,2,1,2,90827,2332,36.7,-122.39,1780,201.5,8.6673,34.029,2,34.0576,2,67,2,66,2,38.22,2,30.92,2,0.02,2,2.45,2,0.03,2,2238.3,2,2272.8,2,7.3968,2,25,56.246,2
  32PO20130829,WCOA13,128,2,2,2,90827,2334,36.7,-122.39,1780,151.3,9.1433,33.929,2,-999,9,85.7,2,84.7,2,33.03,2,28.78,2,0.03,2,2.31,2,0.02,2,2218.5,2,2259.7,2,7.4287,2,25,58.935,2
  32PO20130829,WCOA13,128,2,3,2,90827,2337,36.7,-122.39,1780,100.7,9.5279,33.842,2,-999,9,101.6,2,100.6,2,29.31,2,26.92,2,0.03,2,2.2,2,0.02,2,2204.3,2,2262.8,2,7.4601,2,25,63.472,2
  32PO20130829,WCOA13,128,2,4,2,90827,2339,36.7,-122.39,1780,80.8,9.6801,33.839,2,-999,9,102.6,2,100.9,2,28.99,2,26.67,2,0.06,2,2.19,2,0.03,2,2202.9,2,2254,2,7.4622,2,25,62.825,2
  32PO20130829,WCOA13,128,2,5,2,90827,2340,36.7,-122.39,1780,60.5,10.7555,33.647,2,-999,9,169.6,2,161.5,2,18.62,2,19.69,2,0.24,2,1.89,2,1.28,2,2158.9,2,2246.8,2,7.5723,2,25,79.529,2
  32PO20130829,WCOA13,128,2,6,2,90827,2342,36.7,-122.39,1780,40.4,11.437,33.606,2,33.6156,2,221.9,2,208,2,10.36,2,13.67,2,0.24,2,1.53,2,1.33,2,2123.6,2,2246.9,2,7.6836,2,25,95.372,2
  32PO20130829,WCOA13,128,2,7,2,90827,2345,36.7,-122.39,1780,30.2,12.4522,33.589,2,-999,9,247.6,2,254.5,2,3.88,2,8.12,2,0.18,2,1.05,2,0.91,2,2075.6,2,2253.3,2,7.8299,2,25,126.177,2
  32PO20130829,WCOA13,128,2,8,2,90827,2347,36.7,-122.39,1780,20.2,13.109,33.662,2,-999,9,265.5,2,266.6,2,2.91,2,6.03,2,0.14,2,0.99,2,0.66,2,2064.4,2,2264.7,2,7.8691,2,25,131.805,2
  32PO20130829,WCOA13,128,2,9,2,90827,2348,36.7,-122.39,1780,10.3,14.2385,33.654,2,-999,9,303.7,2,301.7,2,1.46,2,2.22,2,0.14,2,0.65,2,0.19,2,2021.7,2,2263.2,2,7.9557,3,25,158.253,2
  32PO20130829,WCOA13,128,2,10,2,90827,2349,36.7,-122.39,1780,3,14.7005,33.666,2,33.6938,2,303.3,2,302.6,2,1.15,2,1.84,2,0.1,2,0.6,2,0.37,2,2014.5,6,2263.3,6,7.9818,3,25,160.637,2
END_DATA,,,,,,,,,,,,,,,,,,,,,,,,,,,,,,,,,,,,,,,
